Alien hand syndrome	:1
Periampullary cancer	:1
Cushing's syndrome	:0
Lyme disease	:1
Turner syndrome	:1
Upper airway resistance syndrome	:1
Purtscher's retinopathy	:0
Balint's syndrome	:0
XYY syndrome	:1
Adipsia	:1
Zollinger?Ellison syndrome	:0
Schindler disease	:1
Accelerated phase chronic myelogenous leukemia	:0
Canine degenerative myelopathy	:1
Mammary tumor	:1
Surra	:1
Floppy trunk syndrome	:0
Tyzzer's disease	:0
Withering abalone syndrome	:0
Sealpox	:1
Wobbly hedgehog syndrome	:0
Spinal osteoarthropathy	:0
Bitter pit	:0
Corneal ulcers in animals	:1
Ked itch	:1
Exotic ungulate encephalopathy	:1
Ulcerative dermatitis	:1
Apert syndrome	:1
Chemotherapy-induced acral erythema	:1
African horse sickness	:1
Eisenmenger's syndrome	:0
Alstrom syndrome	:0
Hughes-Stovin syndrome	:0
Eagle syndrome	:1
XX male syndrome	:1
Todd's paresis	:0
Lujan?Fryns syndrome	:0
Argyll Robertson pupil	:1
Dactylitis	:1
Edwards syndrome	:1
May?Thurner syndrome	:0
Lucey?Driscoll syndrome	:0
Neu-Laxova syndrome	:0
Benedikt syndrome	:1
Bonnet?Dechaume?Blanc syndrome	:0
Bowenoid papulosis	:1
Acanthamoeba keratitis	:1
Blue rubber bleb nevus syndrome	:1
Peyronie's disease	:0
Phlegmasia cerulea dolens	:1
5-alpha-reductase deficiency	:0
Usher syndrome	:1
Mismatch repair cancer syndrome	:1
Foreign accent syndrome	:1
Bisphosphonate-associated osteonecrosis of the jaw	:0
Nasal septal hematoma	:1
Erythema induratum	:1
Babinski?Nageotte syndrome	:0
Behr syndrome	:1
Biloma	:1
Couvade syndrome	:1
Atony	:0
Bethlem myopathy	:1
Kocher?Debre?Semelaigne syndrome	:0
Fixed drug reaction	:1
Asomatognosia	:1
Bing?Neel syndrome	:0
Legius syndrome	:1
Multiple familial trichoepithelioma	:0
Caput medusae	:1
Cotard delusion	:1
Watson syndrome	:1
DOOR syndrome	:1
Dementia pugilistica	:0
Wolfram syndrome	:1
XY gonadal dysgenesis	:1
Darwin's tubercle	:0
Dermal cylindroma	:1
Schimmelpenning syndrome	:1
Oroantral fistula	:1
Facet syndrome	:1
Doege?Potter syndrome	:0
Flail chest	:0
Chronic allograft nephropathy	:1
Kikuchi disease	:1
Cohen syndrome	:1
Minimally conscious state	:1
McLeod syndrome	:1
Clutton's joints	:0
Cat eye syndrome	:1
Dupuytren's contracture	:0
Epstein syndrome	:1
Binswanger's disease	:0
Biliary sludge	:1
Paraneoplastic pemphigus	:1
Gradenigo's syndrome	:0
Ectopia cordis	:1
Madelung's deformity	:0
Keratitis?ichthyosis?deafness syndrome	:0
Keratoglobus	:1
Poikiloderma	:1
Aplasia cutis congenita	:1
Enostosis	:1
Fregoli delusion	:1
Mullerian agenesis	:0
Fechtner syndrome	:1
Ellis?Van Creveld syndrome	:0
Foix?Chavany?Marie syndrome	:0
Developmental verbal dyspraxia	:1
Acquired perforating dermatosis	:1
Aortoiliac occlusive disease	:1
Salter?Harris fracture	:0
Reflux nephropathy	:1
Neonatal hemochromatosis	:1
Gardner's syndrome	:0
Ectopia lentis	:1
Suspension trauma	:1
Palilalia	:1
Cutaneous larva migrans	:1
Onychotillomania	:1
Labial fusion	:1
Post-transplant lymphoproliferative disorder	:1
Marie Unna hereditary hypotrichosis	:1
Pierre Robin syndrome	:0
Radial dysplasia	:1
Spermaturia	:1
Hyper-IgD syndrome	:1
Freiberg disease	:1
Malakoplakia	:1
Kienbock's disease	:0
Mallory?Weiss syndrome	:0
Malum perforans	:1
Cracked nipple	:1
Haemolacria	:1
Ollier disease	:1
Plagiocephaly	:1
Rhinophyma	:1
Eosinophilic fasciitis	:1
Ramsay Hunt syndrome	:0
Lacunar amnesia	:1
Majewski's polydactyly syndrome	:0
Wagner's disease	:0
Latrodectism	:1
Infantile free sialic acid storage disease	:1
Miller syndrome	:1
Infectious mononucleosis	:1
African trypanosomiasis	:1
Chagas disease	:1
Q fever	:1
Lemierre's syndrome	:0
Rift Valley fever	:1
Ludwig's angina	:0
Colorado tick fever	:1
Lassa fever	:1
Marburg virus disease	:1
Naegeli?Franceschetti?Jadassohn syndrome	:0
Paraproctitis	:1
Eosinophilic pustular folliculitis of infancy	:1
Cushing's disease	:0
Erythema ab igne	:1
Periodic fever, aphthous stomatitis, pharyngitis and adenitis	:0
Nasal vestibulitis	:1
Teratospermia	:1
Milker's nodule	:0
Morton's neuroma	:0
B-cell prolymphocytic leukemia	:1
Phototoxicity	:1
Acrodynia	:1
Nonossifying fibroma	:0
Residual ovary syndrome	:0
Niemann?Pick disease, type C	:0
Postoperative residual curarization	:1
Postanesthetic shivering	:1
Haff disease	:1
Bulbar palsy	:1
May?Hegglin anomaly	:0
Myeloma cast nephropathy	:1
Orofacial myological disorders	:0
Oligomenorrhea	:1
Melnick?Needles syndrome	:0
Testicular dysgenesis syndrome	:1
Anetoderma	:1
X-linked ichthyosis	:1
Lymphedema?distichiasis syndrome	:0
Transient acantholytic dermatosis	:1
Leiner's disease	:0
Tricho?rhino?phalangeal syndrome	:0
McKusick?Kaufman syndrome	:0
Sandifer syndrome	:1
Leukoedema	:1
Bare lymphocyte syndrome	:1
Subdural hygroma	:1
Lymphangiectasia	:1
X-linked reticulate pigmentary disorder	:1
DeSanctis?Cacchione syndrome	:0
Paris-Trousseau syndrome	:1
Hurler?Scheie syndrome	:0
Salla disease	:1
Microspherophakia	:1
Progressive inflammatory neuropathy	:1
Kjer's optic neuropathy	:0
Distal renal tubular acidosis	:1
Athletic pubalgia	:1
Toluene toxicity	:0
Hyperchlorhydria	:1
Diastematomyelia	:1
Excessive daytime sleepiness	:1
Spontaneous bacterial peritonitis	:1
Autosomal recessive multiple epiphyseal dysplasia	:1
Enthesitis	:1
Conradi?Hunermann syndrome	:0
Ring chromosome 20 syndrome	:1
Anosodiaphoria	:1
Toxic multinodular goitre	:1
Capillaritis	:1
Acropachy	:1
Ross River fever	:1
Mayaro virus disease	:1
Epstein?Barr virus infection	:0
Bolivian hemorrhagic fever	:1
Bickerstaff's encephalitis	:0
Bullous impetigo	:1
Endotheliitis	:0
Queensland tick typhus	:1
Kemerovo tickborne viral fever	:1
Neonatal herpes simplex	:1
Mycobacterium avium-intracellulare infection	:1
Combined pulmonary fibrosis and emphysema	:1
Brazilian purpuric fever	:1
Flea-borne spotted fever	:1
Venezuelan hemorrhagic fever	:1
Pogosta disease	:1
Argentine hemorrhagic fever	:1
Pontiac fever	:1
Haverhill fever	:1
Bacillary peliosis	:1
Brazilian hemorrhagic fever	:1
Ehrlichiosis ewingii infection	:1
Omsk hemorrhagic fever	:1
Factitious diarrhea	:1
La Crosse encephalitis	:1
Kaposi's sarcoma	:0
Rocky Mountain spotted fever	:1
Japanese encephalitis	:1
Babesiosis	:1
Rasmussen's encephalitis	:0
Chytridiomycosis	:0
Aleutian disease	:1
Fitz-Hugh?Curtis syndrome	:0
Kyasanur forest disease	:0
Austrian syndrome	:1
Thiamine deficiency	:1
Erythropoietic porphyria	:1
Keppen?Lubinsky syndrome	:0
Hurthle cell	:0
Pulmonic stenosis	:1
Sphincter of Oddi dysfunction	:1
Zenker's paralysis	:0
Dural arteriovenous fistula	:1
Keratin disease	:1
Pendular nystagmus	:1
Lev's disease	:0
Rabson?Mendenhall syndrome	:0
Cornea plana 2	:1
Wheat warehouse itch	:1
3-hydroxy-3-methylglutaryl-CoA lyase deficiency	:0
Hashimoto's encephalopathy	:0
Abdominal musculature absent with microphthalmia and joint laxity	:1
Adducted thumb syndrome	:1
Hamman's syndrome	:0
Fibroma of tendon sheath	:1
Hippocampal sclerosis	:1
Albright's hereditary osteodystrophy	:0
Carnosinemia	:1
AIDS-related lymphoma	:1
Acute eosinophilic leukemia	:1
Adverse reaction to biologic agents	:1
AL amyloidosis	:1
ROHHAD	:1
Acne miliaris necrotica	:1
Periodontal abscess	:1
Acinar cell carcinoma of the pancreas	:1
Hereditary persistence of fetal hemoglobin	:1
Median nail dystrophy	:1
2,4 Dienoyl-CoA reductase deficiency	:0
Abderhalden?Kaufmann?Lignac syndrome	:0
Acne with facial edema	:0
PEHO syndrome	:1
Abruzzo?Erickson syndrome	:0
Acytosiosis	:0
Jansky?Bielschowsky disease	:0
Acute cerebellar ataxia of childhood	:1
Mauriac syndrome	:0
17-beta-hydroxysteroid dehydrogenase deficiency	:0
AIDS-related complex	:1
Acinic cell carcinoma of the lung	:1
Ackerman syndrome	:1
Adult blaschkitis	:1
Loeffler endocarditis	:1
Cruveilhier?Baumgarten disease	:0
Congenital contractural arachnodactyly	:1
Tumid lupus erythematosus	:1
X-linked lymphoproliferative disease	:1
X-linked myotubular myopathy	:1
Slipping rib syndrome	:1
Fryns syndrome	:1
Roussy?Levy syndrome	:0
Schamberg disease	:1
MASS syndrome	:1
Menometrorrhagia	:1
Lytico-bodig disease	:1
Thymoma with immunodeficiency	:1
Grisel's syndrome	:0
Hereditary sensory and autonomic neuropathy type I	:1
CHILD syndrome	:1
Niemann?Pick disease, SMPD1-associated	:0
3-M syndrome	:1
Southeast Asian ovalocytosis	:1
Alezzandrini syndrome	:1
Analbuminaemia	:1
Aromatase deficiency	:1
Atypical tuberous myxedema	:1
Bahima disease	:1
Bart syndrome	:1
Bazex?Dupre?Christol syndrome	:0
Brown induration	:1
Cannabinoid hyperemesis syndrome	:1
Carbon stain	:1
Chronic deciduitis	:1
Angiomatoid fibrous histiocytoma	:1
Ascher's syndrome	:0
Attenuated patella alta	:1
Barcoo fever	:0
Bilateral frontoparietal polymicrogyria	:1
Camisa disease	:1
Candidal intertrigo	:1
Cavernous venous malformation	:1
Ateliosis	:0
Bruns apraxia	:1
Atypical ductal hyperplasia	:1
Childhood tumor syndrome	:1
Chronic diarrhea of infancy	:1
Autoimmune inner ear disease	:1
Buccal bifurcation cyst	:1
Benjamin syndrome	:1
Biphasic disease	:0
CNS demyelinating autoimmune diseases	:1
Chromatin bridge	:0
Chronic progressive lymphedema	:1
Aldolase A deficiency	:1
Arakawa's syndrome II	:0
Arterial insufficiency ulcer	:1
Autosensitization dermatitis	:1
Ayazi syndrome	:1
Cervical artery dissection	:1
Cerebroretinal microangiopathy with calcifications and cysts	:1
Atrial enlargement	:1
Attenuated familial adenomatous polyposis	:1
Avellis syndrome	:1
Berk?Tabatznik syndrome	:0
CD25 deficiency	:1
Cadang-cadang	:1
Catel?Manzke syndrome	:0
Alternariosis	:1
Boomerang dysplasia	:1
Angular limb deformity	:1
Fish acute toxicity syndrome	:1
Black gill disease	:0
Omasitis	:0
Phycomycosis	:1
Camel spongiform encephalopathy	:1
Zika fever	:1
Borna disease	:1
Rotaviral gastroenteritis	:1
Far East scarlet-like fever	:1
Powassan encephalitis	:1
Newcastle disease	:0
West Nile fever	:1
Progressive rubella panencephalitis	:1
Group A streptococcal infection	:1
Respiratory bronchiolitis interstitial lung disease	:0
Eastern equine encephalitis	:1
Pseudomonas infection	:1
Wissler's syndrome	:0
Spondweni fever	:1
Unicentric Castleman disease	:1
Ichthyosis prematurity syndrome	:1
Jalili syndrome	:1
Kohlschutter-Tonz syndrome	:0
Lachiewicz?Sibley syndrome	:0
Ichthyosis hystrix	:1
Jackson?Weiss syndrome	:0
Juvenile primary lateral sclerosis	:1
Juvenile hyaline fibromatosis	:1
Inflammatory papillary hyperplasia	:1
Immune dysregulation	:0
Ichthyosis follicularis with alopecia and photophobia syndrome	:1
Idiopathic pure sudomotor failure	:1
Inverse psoriasis	:1
Ischial bursitis	:1
Keutel syndrome	:1
Lacquer dermatitis	:1
Infantile neuroaxonal dystrophy	:1
Ichthyosis linearis circumflexa	:1
Infantile systemic hyalinosis	:1
Iron metallic discoloration	:0
Karak syndrome	:1
Kaufman oculocerebrofacial syndrome	:1
Keratosis linearis with ichthyosis congenital and sclerosing keratoderma syndrome	:0
Holiday heart syndrome	:1
Howel?Evans syndrome	:0
Hyalinizing clear cell carcinoma	:1
Ichthyosis with confetti	:1
Intranodal palisaded myofibroblastoma	:1
Irritant folliculitis	:1
Jumping Frenchmen of Maine	:1
Lathosterolosis	:1
Jargon aphasia	:1
Hyperproinsulinemia	:1
Interstitial granulomatous drug reaction	:1
Kairo cancer	:0
Kang cancer	:1
Infantile convulsions and choreoathetosis	:1
Inflammatory myeloblastic tumor	:0
Isobutyryl-coenzyme A dehydrogenase deficiency	:1
Katz syndrome	:1
Laryngoonychocutaneous syndrome	:0
Hyperkeratotic cutaneous capillary-venous malformation	:1
Hypoestrogenism	:1
Hystrix-like ichthyosis?deafness syndrome	:0
Intervertebral disc disorder	:1
Itchy red bump disease	:1
Laugier?Hunziker syndrome	:0
Paris syndrome	:1
Sexual relationship disorder	:1
Factitious disorder imposed on another	:1
Boanthropy	:0
Picardy sweat	:0
De Quervain's thyroiditis	:0
Serous tumour	:1
Sertoli cell nodule	:1
Sick cell syndrome	:0
Simon focus	:1
Skin track	:0
Smith?Fineman?Myers syndrome	:0
Split hand syndrome	:1
Surfer's myelopathy	:0
Squamous odontogenic tumor	:1
Seabather's eruption	:0
Renal medullary carcinoma	:1
Streptococcal intertrigo	:1
Subacute cutaneous lupus erythematosus	:1
Succinyl-CoA:3-oxoacid CoA transferase deficiency	:1
Thyroid dyshormonogenesis	:1
Transient erythroporphyria of infancy	:1
Salivary duct carcinoma	:1
Superior limbic keratoconjunctivitis	:1
T-cell lymphoma	:1
Reynolds syndrome	:1
Schinzel?Giedion syndrome	:0
Soot tattoo	:1
Teunissen?Cremers syndrome	:0
Traumatic bone cyst	:1
Ring 18	:0
Sex cord tumour with annular tubules	:1
T cell deficiency	:1
Titanium metallic discoloration	:0
Reticulohistiocytosis	:1
SAHA syndrome	:1
Schopf?Schulz?Passarge syndrome	:0
Secretan's syndrome	:0
Senter syndrome	:1
Spondylodiscitis	:1
Spondyloperipheral dysplasia	:1
Right atrial enlargement	:1
Serous carcinoma	:1
Taussig?Bing syndrome	:0
SHORT syndrome	:1
Sexual anorexia	:1
Skin fragility syndrome	:1
Renal medullary fibroma	:1
Salivary gland?like carcinoma of the lung	:0
Sebaceous lymphadenoma	:1
Serkal syndrome	:0
Solid pseudopapillary tumour	:1
Terminal complement pathway deficiency	:1
Osteoporotic bone marrow defect	:1
Parkes Weber syndrome	:1
Pashayan syndrome	:1
Peat fire cancer	:0
Primary gonococcal dermatitis	:1
Orbital apex syndrome	:1
Protein contact dermatitis	:1
Placental infarction	:1
Posterior reversible encephalopathy syndrome	:1
Purple glove syndrome	:1
Opsismodysplasia	:1
Persistent cloaca	:1
Persistent tunica vasculosa lentis	:1
Pigmented purpuric dermatosis	:1
Pityrosporum folliculitis	:0
Plum syndrome	:0
Polymorphous low-grade adenocarcinoma	:1
Prosopamnesia	:1
Raine syndrome	:1
Peripheral ossifying fibroma	:1
Pipecolic acidemia	:1
Placental site nodule	:1
Pseudo gray platelet syndrome	:1
Paroxysmal dyskinesia	:1
Perforating folliculitis	:1
Ovarian fibroma	:1
Pacman dysplasia	:1
Papillomatosis cutis carcinoides	:1
Pneumosinus dilatans	:1
Oral florid papillomatosis	:1
Osteolipochondroma	:0
Osteolathyrism	:1
Placental villous immaturity	:1
Platybasia	:1
Potassium-aggravated myotonia	:1
Palmoplantar ectodermal dysplasia	:1
Parathyroiditis	:1
Paroxysmal tonic upgaze	:1
Poorly differentiated thyroid cancer	:1
Primrose syndrome	:1
Progressive transformation of germinal centres	:1
Prurigo simplex	:1
Congenital hearing loss	:1
Cutaneous group B streptococcal infection	:1
EEM syndrome	:1
Raynaud syndrome	:1
Contact stomatitis	:1
Epidermal nevus syndrome	:1
Cushing ulcer	:1
Desmosterolosis	:1
Endocrine bone disease	:1
Congenital self-healing reticulohistiocytosis	:1
Couvelaire uterus	:1
Dental subluxation	:1
Diastasis symphysis pubis	:0
Eosinophilic folliculitis	:1
Endometrial intraepithelial neoplasia	:1
Condensing osteitis	:1
Congenital distal spinal muscular atrophy	:1
Cor bovinum	:1
Micromastia	:1
Collagenous spherulosis	:1
Currarino syndrome	:1
Copenhagen disease	:1
Dunnigan familial partial lipodystrophy	:1
Craniotabes	:1
Clear cell papillary renal cell carcinoma	:1
Complicated grief disorder	:0
Congenital fourth nerve palsy	:1
Cornea plana 1	:1
Cramp fasciculation syndrome	:1
Dolichol kinase deficiency	:1
EAST syndrome	:1
Lentigo maligna melanoma	:1
The great imitator	:0
Melanocytic oral lesion	:0
Minimally differentiated acute myeloblastic leukemia	:1
N-Acetylglutamate synthase deficiency	:1
Nematode dermatitis	:1
Neonatal lupus erythematosus	:1
Nevi and melanomas	:1
Multifocal motor neuropathy	:1
Mollaret's meningitis	:0
Lipoblastomatosis	:1
Lethal acantholytic epidermolysis bullosa	:1
Medication-induced hyperlipoproteinemia	:1
Mickleson syndrome	:1
Monomelic amyotrophy	:1
Narcotic dermopathy	:1
Nevus of Ito	:1
Nevus comedonicus syndrome	:0
Ligneous conjunctivitis	:1
Neurothekeoma	:1
Lenz microphthalmia syndrome	:1
Lenz?Majewski syndrome	:0
Lethal arthrogryposis with anterior horn cell disease	:1
Localized lichen myxedematosus	:1
MODY 6	:1
MORM syndrome	:1
Malouf syndrome	:1
Marden?Walker syndrome	:0
Nevus depigmentosus	:1
Njolstad syndrome	:0
Loin pain hematuria syndrome	:0
Low-grade fibromyxoid sarcoma	:1
Lowry?MacLean syndrome	:0
Marshall syndrome	:1
Neutrophilic eccrine hidradenitis	:1
Liebenberg syndrome	:1
Ribose-5-phosphate isomerase deficiency	:1
Median nerve palsy	:1
Mixed-cell lymphoma	:1
Levator ani syndrome	:1
Missouri Lyme disease	:0
MonoMAC	:1
Leukotriene C4 synthase deficiency	:1
Limb?mammary syndrome	:0
Neonatal ichthyosis?sclerosing cholangitis syndrome	:0
Ocular neurosis	:1
Majocchi's disease	:0
Michelin tire baby syndrome	:1
Mucinous carcinoma	:0
Myeloperoxidase deficiency	:1
Nakajo syndrome	:1
Nevus psiloliparus	:0
No reflow phenomenon	:1
Oliver?McFarlane syndrome	:0
Vasitis nodosa	:1
Villoglandular adenocarcinoma of the cervix	:1
X-linked spinal muscular atrophy type 2	:1
X-type histiocytosis	:1
Tumoral calcinosis	:1
Vesicular pemphigoid	:1
Trichilemmoma	:1
Vestibular adenitis	:1
X-linked recessive chondrodysplasia punctata	:1
Neuropsychiatric systemic lupus erythematosus	:1
Ureaplasma infection	:1
Villitis of unknown etiology	:1
Wende?Bauckus syndrome	:0
ZAP70 deficiency	:1
Tuberculous cellulitis	:1
Hanhart syndrome	:1
Ullrich disease	:0
Trichomegaly	:1
Zimmermann?Laband syndrome	:0
X-linked congenital stationary night blindness	:0
X-linked intellectual disability	:1
MURCS association	:1
Wrinkly skin syndrome	:1
Vibratory angioedema	:1
Winter-over syndrome	:0
Woodhouse?Sakati syndrome	:0
Vibroacoustic disease	:0
Trochleitis	:1
Urban?Rogers?Meyer syndrome	:0
Zirconium granuloma	:1
Limb body wall complex	:1
Unilateral palmoplantar verrucous nevus	:1
Uterine adenosarcoma	:1
Vulvar childhood pemphigoid	:1
Yemenite deaf-blind hypopigmentation syndrome	:1
Zadik?Barak?Levin syndrome	:0
Kufs disease	:1
Familial British dementia	:1
Fetal thrombotic vasculopathy	:1
Generalized pustular psoriasis	:1
Ghosal hematodiaphyseal dysplasia	:1
Green Tobacco Sickness	:1
Hereditary diffuse leukoencephalopathy with spheroids	:1
Hair follicle nevus	:1
Gastrojejunocolic fistula	:1
Griscelli syndrome type 2	:1
Gangliocytic paraganglioma	:1
Gartner's duct cyst	:0
Generalized lymphadenopathy	:1
Halogenoderma	:1
Hemihyperplasia?multiple lipomatosis syndrome	:0
Granulomatous prostatitis	:1
Granulomatous mastitis	:1
Excess ovarian androgen release syndrome	:1
Giant platelet disorder	:1
Glucocorticoid deficiency 1	:1
Gonococcemia	:1
Gram-negative rosacea	:1
Haim?Munk syndrome	:0
Heart valve dysplasia	:1
Glassy cell carcinoma of the cervix	:1
Frasier syndrome	:1
Fleischer's syndrome	:0
Flynn?Aird syndrome	:0
Gigantiform cementoma	:1
Gonadotropin-resistant ovary syndrome	:1
Grinker myelinopathy	:1
Familial aortic dissection	:1
Fatty-acid metabolism disorder	:1
Foix?Alajouanine syndrome	:0
Frank?Ter Haar syndrome	:0
GRACILE syndrome	:1
Gastrocutaneous syndrome	:1
HIV-associated lipodystrophy	:1
Hematopoietic ulcer	:1
Hepatosplenic T-cell lymphoma	:1
Estrogen insensitivity syndrome	:1
Fibrinolysis syndrome	:1
GAPO syndrome	:1
Nicolaides?Baraitser syndrome	:0
Glycogen storage disease type 0	:1
HEC syndrome	:1
Haltlose personality disorder	:1
Goblet cell carcinoid	:1
Fibrocartilaginous mesenchymoma of bone	:1
Genitopatellar syndrome	:1
Graham-Little syndrome	:1
Hemoglobin Lepore syndrome	:1
Hereditary inclusion body myopathy	:1
Lentigo maligna	:1
Asymptomatic inflammatory prostatitis	:1
Intestinal spirochetosis	:1
Hot tub folliculitis	:1
Webbed penis	:1
2q37 deletion syndrome	:1
Anotia	:1
Frontotemporal dementia and parkinsonism linked to chromosome 17	:1
Mortimer's disease	:0
Sessile serrated adenoma	:0
Amphistomiasis	:1
Otodental syndrome	:1
Health effects of pesticides	:1
New daily persistent headache	:0
Myelodysplastic?myeloproliferative diseases	:0
Neurocutaneous melanosis	:1
Shenkui	:1
Malar flush	:0
Acquired idiopathic generalized anhidrosis	:1
Interstitial pregnancy	:1
Transplant glomerulopathy	:1
Nevus anemicus	:1
Cervicogenic headache	:1
Hypertensive leukoencephalopathy	:1
Pulmonary carcinoid tumour	:1
Iliopsoas bursitis	:1
Neurofibromatosis type 3	:1
Refractory anemia with ring sideroblasts	:1
Sylvatic plague	:1
Histoid leprosy	:1
Periorbital hyperpigmentation	:1
Inflammatory fibroid polyp	:1
Gordon syndrome	:1
Locked twins	:1
Johnson?McMillin syndrome	:0
Nablus mask-like facial syndrome	:1
Amalgam tattoo	:0
Intestinal varices	:1
McGillivray syndrome	:1
MBL deficiency	:1
Hereditary sclerosing poikiloderma	:1
Postmenopausal confusion	:1
Acquired cystic kidney disease-associated renal cell carcinoma	:1
Mukamel syndrome	:1
Urban plague	:1
Langer mesomelic dysplasia	:1
Biemond syndrome	:1
Lyngstadaas syndrome	:1
Jugular vein ectasia	:0
Neonatal adrenoleukodystrophy	:1
Tight hymenal ring	:1
Proteus syndrome	:1
Binocular dysphoria	:0
Wind turbine syndrome	:0
Norman?Roberts syndrome	:0
Aase syndrome	:1
Autistic enterocolitis	:0
SADDAN	:0
Abandoned child syndrome	:0
Morgellons	:1
Jamestown Canyon encephalitis	:1
Aicardi syndrome	:1
Barth syndrome	:1
CHARGE syndrome	:1
Fabry disease	:1
Goldenhar syndrome	:1
Mobius syndrome	:0
Bloom syndrome	:1
Poland syndrome	:1
Fraser syndrome	:1
Nijmegen breakage syndrome	:1
Borjeson-Forssman-Lehmann syndrome	:0
Costello syndrome	:1
Dubowitz syndrome	:1
Werner syndrome	:1
Angelman syndrome	:1
Becker's nevus	:0
Pallister?Killian syndrome	:0
2q37 monosomy	:1
Norrie disease	:1
Pineocytoma	:1
Kapur?Toriello syndrome	:0
Paroxysmal sympathetic hyperactivity	:1
Pachygyria	:1
Encephalocraniocutaneous lipomatosis	:1
Autoimmune neutropenia	:1
Pilon fracture	:1
Eiken syndrome	:1
Smith Martin Dodd syndrome	:1
Pretzel syndrome	:1
Xanthogranulomatous inflammation	:1
Macrocephaly-capillary malformation	:1
Knobloch syndrome	:1
Hemimelia	:1
Viral cardiomyopathy	:1
Mungan syndrome	:1
Transfusion associated circulatory overload	:0
Yim?Ebbin syndrome	:0
Light chain deposition disease	:1
Tooth mobility	:1
T-cell prolymphocytic leukemia	:1
Fish-eye disease	:1
Idiopathic giant-cell myocarditis	:1
Young?Madders syndrome	:0
Minor's disease	:0
MDP syndrome	:1
Lymphoepithelioma	:1
Neonatal bowel obstruction	:1
Hypernasal speech	:1
Mild androgen insensitivity syndrome	:1
Calcium channel blocker toxicity	:1
Hyperglycerolemia	:0
Franceschetti?Klein syndrome	:0
Dahlberg Borer Newcomer syndrome	:1
Hereditary neuralgic amyotrophy	:1
Kowarski syndrome	:0
Chronic sclerosing sialadenitis	:1
Singleton Merten syndrome	:1
Injury of axillary nerve	:1
Myhre syndrome	:1
Hereditary CNS demyelinating disease	:1
22q11.2 distal deletion syndrome	:1
Intraparenchymal hemorrhage	:0
Parapneumonic effusion	:1
Lateral pontine syndrome	:1
Urocanic aciduria	:1
Morning glory disc anomaly	:1
KBG syndrome	:1
Hemihypertrophy	:1
Schmid metaphyseal chondrodysplasia	:0
Sotos syndrome	:1
Char syndrome	:1
MELAS syndrome	:1
Isodicentric 15	:1
Ring chromosome 14 syndrome	:1
Posterior urethral valve	:1
Pendred syndrome	:1
WAGR syndrome	:1
22q13 deletion syndrome	:1
Alpha-thalassemia mental retardation syndrome	:0
Jacobsen syndrome	:1
Tetrasomy 18p	:1
VACTERL association	:1
Shone's syndrome	:0
48, XXXX	:0
Sly syndrome	:1
MERRF syndrome	:1
Sturge?Weber syndrome	:0
MOMO syndrome	:1
Muenke syndrome	:1
Weaver syndrome	:1
Bjornstad syndrome	:0
Cantu syndrome	:0
Acropectoral syndrome	:1
Arrhinia	:1
Greig cephalopolysyndactyly syndrome	:1
Cooks syndrome	:1
Dysphagia lusoria	:1
Larsen syndrome	:1
AREDYLD syndrome	:1
Aneurysm of sinus of Valsalva	:1
Carey Fineman Ziter syndrome	:1
Diabetes mellitus and deafness	:0
Alopecia contractures dwarfism mental retardation	:0
46, XX/XY	:0
Asymmetric crying facies	:1
Barraquer?Simons syndrome	:0
Chromosome 15q trisomy	:1
ATR-16 syndrome	:1
Enteric duplication cyst	:1
Chromosome 15q partial deletion	:1
8p23.1 duplication syndrome	:1
ANOTHER syndrome	:1
Acheiria	:1
Corneodermatoosseous syndrome	:1
Craniosynostosis?anal anomalies?porokeratosis syndrome	:0
Fetal trimethadione syndrome	:1
OSLAM syndrome	:1
Interrupted aortic arch	:1
Monostotic fibrous dysplasia	:1
Dermoodontodysplasia	:1
Distal Trisomy 10q	:0
Ectodermal dysplasia with corkscrew hairs	:1
Genu recurvatum	:1
Laryngeal cleft	:1
Crome syndrome	:1
Gillespie syndrome	:1
Halal syndrome	:1
Johnson?Munson syndrome	:0
Emanuel syndrome	:1
Lelis syndrome	:1
Lutembacher's syndrome	:0
Oculocerebrocutaneous syndrome	:1
Odontoma dysphagia syndrome	:1
Hemifacial microsomia	:1
Levocardia	:1
Femur fibula ulna syndrome	:1
Fountain syndrome	:1
FACES syndrome	:1
GMS syndrome	:1
Handigodu Syndrome	:0
Hapnes Boman Skeie syndrome	:1
Hypotrichosis?acro-osteolysis?onychogryphosis?palmoplantar keratoderma?periodontitis syndrome	:0
Midline cervical cleft	:1
Crisscross heart	:1
Fetal hydantoin syndrome	:1
Cross syndrome	:1
Fitzsimmons?Guilbert syndrome	:0
Kniest dysplasia	:1
Vitreous touch syndrome	:1
Ostial disease	:1
Omental infarction	:0
Childhood cataract	:1
Autoimmune autonomic ganglionopathy	:1
Perlman syndrome	:1
Revesz syndrome	:1
Say?Meyer syndrome	:0
Tetrasomy 9p	:1
Tietz syndrome	:1
Tsukuhara syndrome	:1
Vici syndrome	:1
Schmitt Gillenwater Kelly syndrome	:1
Stimmler syndrome	:1
Wallis?Zieff?Goldblatt syndrome	:0
XXXY syndrome	:1
Urachal cyst	:1
PELVIS syndrome	:1
Partial monosomy 13q	:1
Ramos-Arroyo syndrome	:1
Seaver Cassidy syndrome	:1
Zori?Stalker?Williams syndrome	:0
Thumb hypoplasia	:1
Phakomatosis pigmentokeratotica	:1
Sinus venosus atrial septal defect	:1
Wildervanck syndrome	:1
Phakomatosis pigmentovascularis	:1
Pilotto syndrome	:1
SCARF syndrome	:1
Saal Greenstein syndrome	:1
Say syndrome	:1
Umbilical cord ulceration and intestinal atresia	:1
Upington disease	:1
Potocki?Shaffer syndrome	:0
Stratton Parker syndrome	:1
Arts syndrome	:1
Tracheal agenesis	:1
Ogden syndrome	:1
Nager acrofacial dysostosis	:1
Nathalie syndrome	:1
Leri pleonosteosis	:1
Juberg-Hayward syndrome	:1
Banki syndrome	:1
Nasal glial heterotopia	:1
Congenital lobar emphysema	:1
MEDNIK syndrome	:1
Zechi-Ceide Syndrome	:0
Congenital bilateral perisylvian syndrome	:1
Wiedemann-Steiner syndrome	:0
Gomez and Lopez-Hernandez syndrome	:0
Weismann-Netter-Stuhl syndrome	:0
Warsaw breakage syndrome	:1
Spondylo-ocular syndrome	:1
Corneal-cerebellar syndrome	:1
HUPRA syndrome	:1
RIDDLE syndrome	:1
Christianson syndrome	:1
OHVIRA	:1
Umbilical-urachal sinus	:1
STAR syndrome	:1
Hand and foot deformity with flat facies	:1
Kenny-Caffey syndrome	:1
Kosaki overgrowth syndrome	:1
XK aprosencephaly	:1
Aldred syndrome	:1
Emberger syndrome	:1
Flammer syndrome	:1
Cataract-microcornea syndrome	:1
Methaemalbuminaemia	:1
Harrison Syndrome	:0
Irvine?Gass syndrome	:0
Mietens syndrome	:1
COACH Syndrome	:0
Juvenile nephronophthisis	:1
13q deletion syndrome	:1
PGM3 deficiency	:1
Warfarin resistance	:1
Acute HME syndrome	:0
CANDLE syndrome	:1
Familial hyperaldosteronism	:1
Retrocuspid papilla	:0
Anisomastia	:1
Tuberculous dactylitis	:1
Peritoneal inclusion cyst	:1
Sickle cell-beta thalassemia	:1
BENTA disease	:1
Jokela type spinal muscular atrophy	:1
Neutrophil-specific granule deficiency	:1
DOCK8 deficiency	:1
Hurler syndrome	:1
Aminoacylase 1 deficiency	:1
Al-Raqad syndrome	:1
Functional somatic syndrome	:1
Chorioangioma	:1
Childhood granulomatous periorificial dermatitis	:1
Paroxysmal supraventricular tachycardia	:1
Nevo syndrome	:1
Adenoacanthoma	:1
Distal hereditary motor neuropathy type V	:1
Lymphocyte-variant hypereosinophilia	:1
Bilharzial cor pulmonale	:1
Breus' mole	:0
Okamoto syndrome	:1
Isodisomy	:1
Thymoma-associated multiorgan autoimmunity	:1
Pain management in children	:0
Alcoholic ketoacidosis	:1
ZTTK syndrome	:1
Srb's anomaly	:0
Congenital hypofibrinogenemia	:1
Amaurotic nystagmus	:1
CDKL5 deficiency disorder	:1
Microlissencephaly	:1
Non-progressive congenital ataxia	:1
Soemmering ring	:0
Very early onset inflammatory bowel disease	:1
Nipah virus infection	:1
Adenosine deaminase 2 deficiency	:1
Neotenic complex syndrome	:0
Chronic airway-digestive inflammatory disease	:1
Marfan syndrome	:1
CADASIL	:1
Huntington's disease	:0
Sjogren's syndrome	:0
Rett syndrome	:1
Takayasu's arteritis	:0
Behcet's disease	:0
Carney complex	:1
Menkes disease	:1
Blau syndrome	:1
Alexander disease	:1
Zellweger syndrome	:1
Ohtahara syndrome	:1
DiGeorge syndrome	:1
Cockayne syndrome	:1
Fanconi anemia	:1
Prader?Willi syndrome	:0
Parkinson's disease	:0
Addison's disease	:0
Crohn's disease	:0
Dravet syndrome	:1
Pfeiffer syndrome	:1
Tangier disease	:1
Kabuki syndrome	:1
Hirschsprung's disease	:0
Alport syndrome	:1
Joubert syndrome	:1
Gorham's disease	:0
Alagille syndrome	:1
Landau?Kleffner syndrome	:0
Noonan syndrome	:1
Goodpasture syndrome	:1
Charcot?Marie?Tooth disease	:0
Canavan disease	:1
STING-associated vasculopathy with onset in infancy	:1
X-linked adrenal hypoplasia congenita	:1
POEMS syndrome	:1
Septo-optic dysplasia	:1
Atypical hemolytic uremic syndrome	:1
Berdon syndrome	:1
Ullrich congenital muscular dystrophy	:1
Cerebral autosomal recessive arteriopathy with subcortical infarcts and leukoencephalopathy	:1
PAPA syndrome	:1
Lamb-Shaffer syndrome	:1
Yao syndrome	:1
Winchester syndrome	:1
Pituitary stalk interruption syndrome	:0
Alpha cell hyperplasia	:1
Perimyositis	:1
Multicentric carpotarsal osteolysis syndrome	:1
MPI-CDG	:1
ALG1-CDG	:1
SYT1-associated neurodevelopmental disorder	:1
Functional hypothalamic amenorrhea	:1
Frozen pelvis	:0
LPS-responsive beige-like anchor protein deficiency	:0
Airport malaria	:1
Early pregnancy bleeding	:1
Paternal depression	:1
Menke-Hennekam syndrome	:1
Carcinocythemia	:1
Megavitamin-B6 syndrome	:1
Cohen-Gibson syndrome	:1
HIV/AIDS in the Democratic Republic of the Congo	:0
Triploid syndrome	:1
XYYY syndrome	:1
DAVID syndrome	:1
Hard flaccid syndrome	:1
Colonic ulcer	:1
Emmonsiosis	:1
Sinus node dysfunction	:1
Segmental colitis associated with diverticulosis	:1
Iliocostal friction syndrome	:1
Sclerosing epithelioid fibrosarcoma	:1
Meibomian gland dysfunction	:1
Recurrent painful ophthalmoplegic neuropathy	:1
Monoclonal Immunoglobulin Deposition Disorder	:1
Bizarre parosteal osteochondromatous proliferation	:1
Non-freezing cold injury	:0
Progressive cardiac conduction defect	:0
Proliferative fasciitis and proliferative myositis	:1
Fibroblastic and myofibroblastic tumors	:1
Cellular angiofibroma	:1
Angiofibroma of soft tissue	:1
Mitral annular disjunction	:1
Hitchhiker's thumb	:0
Gardner fibroma	:1
Dermatofibrosarcoma protuberans, fibrosarcomatous	:0
Filippi Syndrome	:0
Low-grade myofibroblastic sarcoma	:1
Diabetic foot infection	:1
Orbital emphysema	:1
Ghost cell glaucoma	:1
Kleeblattschaedel syndrome	:1
Polyembolokoilamania	:0
Mitral annular calcification	:1
Lipofibromatosis-like neural tumor	:1
Endolymphatic hydrops	:1
Spongy degeneration of the central nervous system	:0
Twelfth rib syndrome	:1
Heyde's syndrome	:0
Feline odontoclastic resorptive lesion	:0
Roemheld syndrome	:1
Equine exertional rhabdomyolysis	:0
Bobble-head doll syndrome	:1
HIV/AIDS	:1
Plummer?Vinson syndrome	:0
Alvarez' syndrome	:0
Anton?Babinski syndrome	:0
Freeman?Sheldon syndrome	:0
Papular purpuric gloves and socks syndrome	:1
Finnish heritage disease	:1
Burrknot	:0
TAN syndrome	:0
Havana syndrome	:0
Salt water aspiration syndrome	:1
FG syndrome	:1
Brugada syndrome	:1
Roberts syndrome	:1
Minamata disease	:1
Anti-NMDA receptor encephalitis	:1
Krabbe disease	:1
Seckel syndrome	:1
Kashin?Beck disease	:0
Morquio syndrome	:1
Treacher Collins syndrome	:1
Sandhoff disease	:1
Niigata Minamata disease	:0
Gaucher's disease	:0
Degos disease	:1
Burkitt lymphoma	:1
Lesch?Nyhan syndrome	:0
McCune?Albright syndrome	:0
Dejerine?Sottas disease	:0
Laron syndrome	:1
TAR syndrome	:1
Fanconi syndrome	:1
Cornelia de Lange syndrome	:1
Stargardt disease	:1
Opsoclonus myoclonus syndrome	:1
Gitelman syndrome	:1
Caroli disease	:1
Idiopathic CD4+ lymphocytopenia	:0
WHIM syndrome	:1
Duchenne muscular dystrophy	:1
Robinow syndrome	:1
Legg?Calve?Perthes disease	:0
Kindler syndrome	:1
Tarlov cyst	:1
Molybdenum cofactor deficiency	:1
Rotor syndrome	:1
Walker?Warburg syndrome	:0
Paget's disease of bone	:0
Cutis marmorata telangiectatica congenita	:1
Sanfilippo syndrome	:1
Stickler syndrome	:1
Donohue syndrome	:1
Leigh disease	:0
Meckel syndrome	:0
Fukuyama congenital muscular dystrophy	:1
Carpenter syndrome	:1
Van der Woude syndrome	:1
Alpers' disease	:0
Omenn syndrome	:1
Leber congenital amaurosis	:1
Duane-radial ray syndrome	:1
Marshall?Smith syndrome	:0
Tourette syndrome	:1
Hartnup disease	:1
Fetus in fetu	:1
Diplopodia	:1
Radial aplasia	:1
Pemphigus foliaceus	:1
Lafora disease	:1
Duplicated ureter	:1
Guillain?Barre syndrome	:0
Sertoli cell-only syndrome	:1
Alzheimer's disease	:0
Craniopagus parasiticus	:1
Situs ambiguus	:1
Scheie syndrome	:1
HFE hereditary haemochromatosis	:0
Becker muscular dystrophy	:1
Jansen's metaphyseal chondrodysplasia	:0
Leontiasis ossea	:1
Timothy syndrome	:1
Isolated atrial amyloidosis	:1
Bruck syndrome	:1
Meesmann corneal dystrophy	:1
Infantile neuronal ceroid lipofuscinosis	:1
Brody myopathy	:1
Feingold syndrome	:1
Danon disease	:1
D-bifunctional protein deficiency	:1
Hennekam syndrome	:1
Mannosidosis	:1
Quebec platelet disorder	:1
Intersection syndrome	:1
Rh deficiency syndrome	:1
Netherton syndrome	:1
Scott syndrome	:1
Wilson?Turner syndrome	:0
UV-sensitive syndrome	:1
Sensenbrenner syndrome	:1
RAS-associated autoimmune leukoproliferative disorder	:1
Birk-Barel syndrome	:1
Cole-Carpenter syndrome	:0
Sengers syndrome	:1
MECP2 duplication syndrome	:1
Stromme syndrome	:0
Sphaeropsis blight	:0
Peach scab	:0
Verticillium wilt	:0
Common scab	:0
Xenoma	:0
Fusarium ear blight	:0
Sorsby's fundus dystrophy	:0
Hemochromatosis type 4	:1
Blastomycosis-like pyoderma	:1
Motivational deficiency disorder	:0
Uranium dermatosis	:1
Jaffe?Campanacci syndrome	:0
Tubulocystic renal cell carcinoma	:1
Thyroid-like follicular renal cell carcinoma	:1
Strawberry foliar nematode	:0
Fusarium wilt	:0
Damping off	:0
Functioning tumor	:1
Fusarium patch	:0
Beech bark disease	:0
Lethal yellowing	:0
Root rot	:0
Aster yellows	:0
Panama disease	:0
Citrus exocortis	:0
Wheat yellow rust	:1
Helminthosporium solani	:0
Bakanae	:0
Bark-binding	:0
Sooty blotch and flyspeck	:0
Leucostoma canker	:0
Velvet blight	:0
Banana freckle	:0
Maize Lethal Necrosis Disease	:0
Little cherry disease	:0
Bacterial leaf streak	:0
Cherry leaf spot	:0
Foamy bark canker	:0
Zamzam?Sheriff?Phillips syndrome	:0
Majeed syndrome	:1
MUTYH-associated polyposis	:1
Madras motor neuron disease	:1
Chronic bacterial prostatitis	:1
Flavescence doree	:0
Syphilitic aortitis	:1
HPV-positive oropharyngeal cancer	:1
Acute prostatitis	:1
Cyclaneusma needle cast	:0
Sphaeropsis blight	:0
Infectious bovine keratoconjunctivitis	:1
Magnesium deficiency	:1
Grass tetany	:1
Columnaris	:0
Complex vertebral malformation	:0
Spring viraemia of carp	:1
Pseudocowpox	:1
Jembrana disease	:1
Annual ryegrass toxicity	:1
Lymphocystis	:1
Pacheco's disease	:0
Psittacine beak and feather disease	:1
Derzsy's disease	:0
Duck plague	:0
Runting-stunting syndrome in broilers	:1
Equine protozoal myeloencephalitis	:0
Airsacculitis	:1
Boxer cardiomyopathy	:0
Collie eye anomaly	:1
Anal sac adenocarcinoma	:1
Pigeon fever	:1
Hemorrhagic gastroenteritis	:1
Theiler's disease	:0
Brachycephalic syndrome	:0
Rangeliosis	:0
Flacherie	:0
Samoyed hereditary glomerulopathy	:1
Hypoadrenocorticism in dogs	:1
Spider lamb syndrome	:0
Braxy	:1
Muscardine	:0
Hypertrophic osteodystrophy	:0
Alabama rot	:0
Masklophobia	:0
Koumpounophobia	:0
Cytochrome P450 oxidoreductase deficiency	:0
Warthin's tumor	:0
Ciguatera	:0
Variola caprina	:1
Transmissible mink encephalopathy	:1
Porcine epidemic diarrhoea	:1
Inclusion body rhinitis	:1
Scaly leg	:1
1858 Bradford sweets poisoning	:0
1951 Pont-Saint-Esprit mass poisoning	:0
COVID-19	:1
Banana Xanthomonas wilt	:0
Klumpke paralysis	:1
Recurrent airway obstruction	:1
Vesicointestinal fistula	:1
Intermetamorphosis	:1
Organophosphate-induced delayed neuropathy	:0
Vein of Galen aneurysmal malformations	:1
Meniere's disease	:0
Keshan disease	:1
Adenomatoid odontogenic tumor	:1
Odontogenic keratocyst	:1
Mal de debarquement	:1
Silent sinus syndrome	:1
Calcifying epithelial odontogenic tumor	:1
Pituicytoma	:1
Cogan syndrome	:1
Epignathus	:1
Diabetic embryopathy	:1
Ganser syndrome	:1
BCG disease outbreak in Finland in the 2000s	:0
Korsakoff's syndrome	:0
Diogenes syndrome	:1
Alice in Wonderland syndrome	:1
Stendhal syndrome	:0
Blount's disease	:0
Metastatic carcinoma	:1
Krukenberg tumor	:1
Chlorosis	:0
Ectopic enamel	:0
Paederus dermatitis	:1
Coenurosis	:1
Sowda	:1
Secondary malignant neoplasm	:1
Suudu	:1
Matchbox sign	:0
Falling-out	:0
Marek's disease	:0
VEXAS syndrome	:1
Multiple complex developmental disorder	:1
Environmental dependency syndrome	:0
Adult attention deficit hyperactivity disorder	:1
Proctocolitis	:1
Felty's syndrome	:0
Chronic recurrent erysipelas	:0
Spiral fracture	:0
Heberden's node	:0
Haidinger's brush	:0
Perifollicular fibroma	:1
Partial androgen insensitivity syndrome	:1
Anxiety/aggression-driven depression	:0
Ringbone	:0
Benign infantile epilepsy	:1
Flexion teardrop fracture	:1
Self-healing papular mucinosis	:1
Herpes esophagitis	:1
Boas' sign	:0
Sinding-Larsen and Johansson syndrome	:1
Jeavons syndrome	:1
Cytochrome b5 deficiency	:1
	:0
	:0
	:0
	:0
	:0
	:0
	:0
	:0
	:0
	:0
	:0
	:0
	:0
	:0
	:0
	:0
	:0
	:0
	:0
	:0
	:0
	:0
	:0
	:0
	:0
	:0
	:0
	:0
	:0
	:0
	:0
	:0
	:0
	:0
	:0
	:0
	:0
	:0
	:0
	:0
	:0
	:0
	:0
	:0
	:0
	:0
	:0
	:0
	:0
	:0
	:0
	:0
	:0
	:0
	:0
	:0
	:0
	:0
	:0
	:0
	:0
	:0
	:0
	:0
	:0
	:0
	:0
	:0
	:0
	:0
	:0
	:0
	:0
	:0
	:0
	:0
	:0
	:0
	:0
	:0
	:0
	:0
	:0
	:0
	:0
	:0
	:0
	:0
	:0
	:0
	:0
	:0
	:0
	:0
	:0
	:0
	:0
	:0
	:0
	:0
	:0
	:0
	:0
	:0
	:0
	:0
	:0
	:0
	:0
	:0
	:0
	:0
	:0
	:0
	:0
	:0
	:0
	:0
	:0
	:0
	:0
	:0
	:0
	:0
	:0
	:0
	:0
	:0
	:0
	:0
	:0
	:0
	:0
	:0
	:0
	:0
	:0
	:0
	:0
	:0
	:0
	:0
	:0
	:0
	:0
	:0
	:0
	:0
	:0
	:0
	:0
	:0
	:0
	:0
	:0
	:0
	:0
	:0
	:0
	:0
	:0
	:0
	:0
	:0
	:0
	:0
	:0
	:0
	:0
	:0
	:0
	:0
	:0
	:0
	:0
	:0
	:0
	:0
	:0
	:0
	:0
	:0
	:0
	:0
	:0
	:0
	:0
	:0
	:0
	:0
	:0
	:0
	:0
	:0
	:0
	:0
	:0
	:0
	:0
	:0
	:0
	:0
	:0
	:0
	:0
	:0
	:0
	:0
	:0
	:0
	:0
	:0
	:0
	:0
	:0
	:0
	:0
	:0
	:0
	:0
	:0
	:0
	:0
	:0
	:0
	:0
	:0
	:0
	:0
	:0
	:0
	:0
	:0
	:0
	:0
	:0
	:0
	:0
	:0
	:0
	:0
	:0
	:0
	:0
	:0
	:0
	:0
	:0
	:0
	:0
	:0
	:0
	:0
	:0
	:0
	:0
	:0
	:0
	:0
	:0
	:0
	:0
	:0
	:0
	:0
	:0
	:0
	:0
	:0
	:0
	:0
	:0
	:0
	:0
	:0
	:0
	:0
	:0
	:0
	:0
	:0
	:0
	:0
	:0
	:0
	:0
	:0
	:0
	:0
	:0
	:0
	:0
	:0
	:0
	:0
	:0
	:0
	:0
	:0
	:0
	:0
	:0
	:0
	:0
	:0
	:0
	:0
	:0
	:0
	:0
	:0
	:0
	:0
	:0
	:0
	:0
	:0
	:0
	:0
	:0
	:0
	:0
	:0
	:0
	:0
	:0
	:0
	:0
	:0
	:0
	:0
	:0
	:0
	:0
	:0
	:0
	:0
	:0
	:0
	:0
	:0
	:0
	:0
	:0
	:0
	:0
	:0
	:0
	:0
	:0
	:0
	:0
	:0
	:0
	:0
	:0
	:0
	:0
	:0
	:0
	:0
	:0
	:0
	:0
	:0
	:0
	:0
	:0
	:0
	:0
	:0
	:0
	:0
	:0
	:0
	:0
	:0
	:0
	:0
	:0
	:0
	:0
	:0
	:0
	:0
	:0
	:0
	:0
	:0
	:0
	:0
	:0
	:0
	:0
	:0
	:0
	:0
	:0
	:0
	:0
	:0
	:0
	:0
	:0
	:0
	:0
	:0
	:0
	:0
	:0
	:0
	:0
	:0
	:0
	:0
	:0
	:0
	:0
	:0
	:0
	:0
	:0
	:0
	:0
	:0
	:0
	:0
	:0
	:0
	:0
	:0
	:0
	:0
	:0
	:0
	:0
	:0
	:0
	:0
	:0
	:0
	:0
	:0
	:0
	:0
	:0
	:0
	:0
	:0
	:0
	:0
	:0
	:0
	:0
	:0
	:0
	:0
	:0
	:0
	:0
	:0
	:0
	:0
	:0
	:0
	:0
	:0
	:0
	:0
	:0
	:0
	:0
	:0
	:0
	:0
	:0
	:0
	:0
	:0
	:0
	:0
	:0
	:0
	:0
	:0
	:0
	:0
	:0
	:0
	:0
	:0
	:0
	:0
	:0
	:0
	:0
	:0
	:0
	:0
	:0
	:0
	:0
	:0
	:0
	:0
	:0
	:0
	:0
	:0
	:0
	:0
	:0
	:0
	:0
	:0
	:0
	:0
	:0
	:0
	:0
	:0
	:0
	:0
	:0
	:0
	:0
	:0
	:0
	:0
	:0
	:0
	:0
	:0
	:0
	:0
	:0
	:0
	:0
	:0
	:0
	:0
	:0
	:0
	:0
	:0
	:0
	:0
	:0
	:0
	:0
	:0
	:0
	:0
	:0
	:0
	:0
	:0
	:0
	:0
	:0
	:0
	:0
	:0
	:0
	:0
	:0
	:0
	:0
	:0
	:0
	:0
	:0
	:0
	:0
	:0
	:0
	:0
	:0
	:0
	:0
	:0
	:0
	:0
	:0
	:0
	:0
	:0
	:0
	:0
	:0
	:0
	:0
	:0
	:0
	:0
	:0
	:0
	:0
	:0
	:0
	:0
	:0
	:0
	:0
	:0
	:0
	:0
	:0
	:0
	:0
	:0
	:0
	:0
	:0
	:0
	:0
	:0
	:0
	:0
	:0
	:0
	:0
	:0
	:0
	:0
	:0
	:0
	:0
	:0
	:0
	:0
	:0
	:0
	:0
	:0
	:0
	:0
	:0
	:0
	:0
	:0
	:0
	:0
	:0
	:0
	:0
	:0
	:0
	:0
	:0
	:0
	:0
	:0
	:0
	:0
	:0
	:0
	:0
	:0
	:0
	:0
	:0
	:0
	:0
	:0
	:0
	:0
	:0
	:0
	:0
	:0
	:0
	:0
	:0
	:0
	:0
	:0
	:0
	:0
	:0
	:0
	:0
	:0
	:0
	:0
	:0
	:0
	:0
	:0
	:0
	:0
	:0
	:0
	:0
	:0
	:0
	:0
	:0
	:0
	:0
	:0
	:0
	:0
	:0
	:0
	:0
	:0
	:0
	:0
	:0
	:0
	:0
	:0
	:0
	:0
	:0
	:0
	:0
	:0
	:0
	:0
	:0
	:0
	:0
	:0
	:0
	:0
	:0
	:0
	:0
	:0
	:0
	:0
	:0
	:0
	:0
	:0
	:0
	:0
	:0
	:0
	:0
	:0
	:0
	:0
	:0
	:0
	:0
	:0
	:0
	:0
	:0
	:0
	:0
	:0
	:0
	:0
	:0
	:0
	:0
	:0
	:0
	:0
	:0
	:0
	:0
	:0
	:0
	:0
	:0
	:0
	:0
	:0
	:0
	:0
	:0
	:0
	:0
	:0
	:0
	:0
	:0
	:0
	:0
	:0
	:0
	:0
	:0
	:0
	:0
	:0
	:0
	:0
	:0
	:0
	:0
	:0
	:0
	:0
	:0
	:0
	:0
	:0
	:0
	:0
	:0
	:0
	:0
	:0
	:0
	:0
	:0
	:0
	:0
	:0
	:0
	:0
	:0
	:0
	:0
	:0
	:0
	:0
	:0
	:0
	:0
	:0
	:0
	:0
	:0
	:0
	:0
	:0
	:0
	:0
	:0
	:0
	:0
	:0
	:0
	:0
	:0
	:0
	:0
	:0
	:0
	:0
	:0
	:0
	:0
	:0
	:0
	:0
	:0
	:0
	:0
	:0
	:0
	:0
	:0
	:0
	:0
	:0
	:0
	:0
	:0
	:0
	:0
	:0
	:0
	:0
	:0
	:0
	:0
	:0
	:0
	:0
	:0
	:0
	:0
	:0
	:0
	:0
	:0
	:0
	:0
	:0
	:0
	:0
	:0
	:0
	:0
	:0
	:0
	:0
	:0
	:0
	:0
	:0
	:0
	:0
	:0
	:0
	:0
	:0
	:0
	:0
	:0
	:0
	:0
	:0
	:0
	:0
	:0
	:0
	:0
	:0
	:0
	:0
	:0
	:0
	:0
	:0
	:0
	:0
	:0
	:0
	:0
	:0
	:0
	:0
	:0
	:0
	:0
	:0
	:0
	:0
	:0
	:0
	:0
	:0
	:0
	:0
	:0
	:0
	:0
	:0
	:0
	:0
	:0
	:0
	:0
	:0
	:0
	:0
	:0
	:0
	:0
	:0
	:0
	:0
	:0
	:0
	:0
	:0
	:0
	:0
	:0
	:0
	:0
	:0
	:0
	:0
	:0
	:0
	:0
	:0
	:0
	:0
	:0
	:0
	:0
	:0
	:0
	:0
	:0
	:0
	:0
	:0
	:0
	:0
	:0
	:0
	:0
	:0
	:0
	:0
	:0
	:0
	:0
	:0
	:0
	:0
	:0
	:0
	:0
	:0
	:0
	:0
	:0
	:0
	:0
	:0
	:0
	:0
	:0
	:0
	:0
	:0
	:0
	:0
	:0
	:0
	:0
	:0
	:0
	:0
	:0
	:0
	:0
	:0
	:0
	:0
	:0
	:0
	:0
	:0
	:0
	:0
	:0
	:0
	:0
	:0
	:0
	:0
	:0
	:0
	:0
	:0
	:0
	:0
	:0
	:0
	:0
	:0
	:0
	:0
	:0
	:0
	:0
	:0
	:0
	:0
	:0
	:0
	:0
	:0
	:0
	:0
	:0
	:0
	:0
	:0
	:0
	:0
	:0
	:0
	:0
	:0
	:0
	:0
	:0
	:0
	:0
	:0
	:0
	:0
	:0
	:0
	:0
	:0
	:0
	:0
	:0
	:0
	:0
	:0
	:0
	:0
	:0
	:0
	:0
	:0
	:0
	:0
	:0
	:0
	:0
	:0
	:0
	:0
	:0
	:0
	:0
	:0
	:0
	:0
	:0
	:0
	:0
	:0
	:0
	:0
	:0
	:0
	:0
	:0
	:0
	:0
	:0
	:0
	:0
	:0
	:0
	:0
	:0
	:0
	:0
	:0
	:0
	:0
	:0
	:0
	:0
	:0
	:0
	:0
	:0
	:0
	:0
	:0
	:0
	:0
	:0
	:0
	:0
	:0
	:0
	:0
	:0
	:0
	:0
	:0
	:0
	:0
	:0
	:0
	:0
	:0
	:0
	:0
	:0
	:0
	:0
	:0
	:0
	:0
	:0
	:0
	:0
	:0
	:0
	:0
	:0
	:0
	:0
	:0
	:0
	:0
	:0
	:0
	:0
	:0
	:0
	:0
	:0
	:0
	:0
	:0
	:0
	:0
	:0
	:0
	:0
	:0
	:0
	:0
	:0
	:0
	:0
	:0
	:0
	:0
	:0
	:0
	:0
	:0
	:0
	:0
	:0
	:0
	:0
	:0
	:0
	:0
	:0
	:0
	:0
	:0
	:0
	:0
	:0
	:0
	:0
	:0
	:0
	:0
	:0
	:0
	:0
	:0
	:0
	:0
	:0
	:0
	:0
	:0
	:0
	:0
	:0
	:0
	:0
	:0
	:0
	:0
	:0
	:0
	:0
	:0
	:0
	:0
	:0
	:0
	:0
	:0
	:0
	:0
	:0
	:0
	:0
	:0
	:0
	:0
	:0
	:0
	:0
	:0
	:0
	:0
	:0
	:0
	:0
	:0
	:0
	:0
	:0
	:0
	:0
	:0
	:0
	:0
	:0
	:0
	:0
	:0
	:0
	:0
	:0
	:0
	:0
	:0
	:0
	:0
	:0
	:0
	:0
	:0
	:0
	:0
	:0
	:0
	:0
	:0
	:0
	:0
	:0
	:0
	:0
	:0
	:0
	:0
	:0
	:0
	:0
	:0
	:0
	:0
	:0
	:0
	:0
	:0
	:0
	:0
	:0
	:0
	:0
	:0
	:0
	:0
	:0
	:0
	:0
	:0
	:0
	:0
	:0
	:0
	:0
	:0
	:0
	:0
	:0
	:0
	:0
	:0
	:0
	:0
	:0
	:0
	:0
	:0
	:0
	:0
	:0
	:0
	:0
	:0
	:0
	:0
	:0
	:0
	:0
	:0
	:0
	:0
	:0
	:0
	:0
	:0
	:0
	:0
	:0
	:0
	:0
	:0
	:0
	:0
	:0
	:0
	:0
	:0
	:0
	:0
	:0
	:0
	:0
	:0
	:0
	:0
	:0
	:0
	:0
	:0
	:0
	:0
	:0
	:0
	:0
	:0
	:0
	:0
	:0
	:0
	:0
	:0
	:0
	:0
	:0
	:0
	:0
	:0
	:0
	:0
	:0
	:0
	:0
	:0
	:0
	:0
	:0
	:0
	:0
	:0
	:0
	:0
	:0
	:0
	:0
	:0
	:0
	:0
	:0
	:0
	:0
	:0
	:0
	:0
	:0
	:0
	:0
	:0
	:0
	:0
	:0
	:0
	:0
	:0
	:0
	:0
	:0
	:0
	:0
	:0
	:0
	:0
	:0
	:0
	:0
	:0
	:0
	:0
	:0
	:0
	:0
	:0
	:0
	:0
	:0
	:0
	:0
	:0
	:0
	:0
	:0
	:0
	:0
	:0
	:0
	:0
	:0
	:0
	:0
	:0
	:0
	:0
	:0
	:0
	:0
	:0
	:0
	:0
	:0
	:0
	:0
	:0
	:0
	:0
	:0
	:0
	:0
	:0
	:0
	:0
	:0
	:0
	:0
	:0
	:0
	:0
	:0
	:0
	:0
	:0
	:0
	:0
	:0
	:0
	:0
	:0
	:0
	:0
	:0
	:0
	:0
	:0
	:0
	:0
	:0
	:0
	:0
	:0
	:0
	:0
	:0
	:0
	:0
	:0
	:0
	:0
	:0
	:0
	:0
	:0
	:0
	:0
	:0
	:0
	:0
	:0
	:0
	:0
	:0
	:0
	:0
	:0
	:0
	:0
	:0
	:0
	:0
	:0
	:0
	:0
	:0
	:0
	:0
	:0
	:0
	:0
	:0
	:0
	:0
	:0
	:0
	:0
	:0
	:0
	:0
	:0
	:0
	:0
	:0
	:0
	:0
	:0
	:0
	:0
	:0
	:0
	:0
	:0
	:0
	:0
	:0
	:0
	:0
	:0
	:0
	:0
	:0
	:0
	:0
	:0
	:0
	:0
	:0
	:0
	:0
	:0
	:0
	:0
	:0
	:0
	:0
	:0
	:0
	:0
	:0
	:0
	:0
	:0
	:0
	:0
	:0
	:0
	:0
	:0
	:0
	:0
	:0
	:0
	:0
	:0
	:0
	:0
	:0
	:0
	:0
	:0
	:0
	:0
	:0
	:0
	:0
	:0
	:0
	:0
	:0
	:0
	:0
	:0
	:0
	:0
	:0
	:0
	:0
	:0
	:0
	:0
	:0
	:0
	:0
	:0
	:0
	:0
	:0
	:0
	:0
	:0
	:0
	:0
	:0
	:0
	:0
	:0
	:0
	:0
	:0
	:0
	:0
	:0
	:0
	:0
	:0
	:0
	:0
	:0
	:0
	:0
	:0
	:0
	:0
	:0
	:0
	:0
	:0
	:0
	:0
	:0
	:0
	:0
	:0
	:0
	:0
	:0
	:0
	:0
	:0
	:0
	:0
	:0
	:0
	:0
	:0
	:0
	:0
	:0
	:0
	:0
	:0
	:0
	:0
	:0
	:0
	:0
	:0
	:0
	:0
	:0
	:0
	:0
	:0
	:0
	:0
	:0
	:0
	:0
	:0
	:0
	:0
	:0
	:0
	:0
	:0
	:0
	:0
	:0
	:0
	:0
	:0
	:0
	:0
	:0
	:0
	:0
	:0
	:0
	:0
	:0
	:0
	:0
	:0
	:0
	:0
	:0
	:0
	:0
	:0
	:0
	:0
	:0
	:0
	:0
	:0
	:0
	:0
	:0
	:0
	:0
	:0
	:0
	:0
	:0
	:0
	:0
	:0
	:0
	:0
	:0
	:0
	:0
	:0
	:0
	:0
	:0
	:0
	:0
	:0
	:0
	:0
	:0
	:0
	:0
	:0
	:0
	:0
	:0
	:0
	:0
	:0
	:0
	:0
	:0
	:0
	:0
	:0
	:0
	:0
	:0
	:0
	:0
	:0
	:0
	:0
	:0
	:0
	:0
	:0
	:0
	:0
	:0
	:0
	:0
	:0
	:0
	:0
	:0
	:0
	:0
	:0
	:0
	:0
	:0
	:0
	:0
	:0
	:0
	:0
	:0
	:0
	:0
	:0
	:0
	:0
	:0
	:0
	:0
	:0
	:0
	:0
	:0
	:0
	:0
	:0
	:0
	:0
	:0
	:0
	:0
	:0
	:0
	:0
	:0
	:0
	:0
	:0
	:0
	:0
	:0
	:0
	:0
	:0
	:0
	:0
	:0
	:0
	:0
	:0
	:0
	:0
	:0
	:0
	:0
	:0
	:0
	:0
	:0
	:0
	:0
	:0
	:0
	:0
	:0
	:0
	:0
	:0
	:0
	:0
	:0
	:0
	:0
	:0
	:0
	:0
	:0
	:0
	:0
	:0
	:0
	:0
	:0
	:0
	:0
	:0
	:0
	:0
	:0
	:0
	:0
	:0
	:0
	:0
	:0
	:0
	:0
	:0
	:0
	:0
	:0
	:0
	:0
	:0
	:0
	:0
	:0
	:0
	:0
	:0
	:0
	:0
	:0
	:0
	:0
	:0
	:0
	:0
	:0
	:0
	:0
	:0
	:0
	:0
	:0
	:0
	:0
	:0
	:0
	:0
	:0
	:0
	:0
	:0
	:0
	:0
	:0
	:0
	:0
	:0
	:0
	:0
	:0
	:0
	:0
	:0
	:0
	:0
	:0
	:0
	:0
	:0
	:0
	:0
	:0
	:0
	:0
	:0
	:0
	:0
	:0
	:0
	:0
	:0
	:0
	:0
	:0
	:0
	:0
	:0
	:0
	:0
	:0
	:0
	:0
	:0
	:0
	:0
	:0
	:0
	:0
	:0
	:0
	:0
	:0
	:0
	:0
	:0
	:0
	:0
	:0
	:0
	:0
	:0
	:0
	:0
	:0
	:0
	:0
	:0
	:0
	:0
	:0
	:0
	:0
	:0
	:0
	:0
	:0
	:0
	:0
	:0
	:0
	:0
	:0
	:0
	:0
	:0
	:0
	:0
	:0
	:0
	:0
	:0
	:0
	:0
	:0
	:0
	:0
	:0
	:0
	:0
	:0
	:0
	:0
	:0
	:0
	:0
	:0
	:0
	:0
	:0
	:0
	:0
	:0
	:0
	:0
	:0
	:0
	:0
	:0
	:0
	:0
	:0
	:0
	:0
	:0
	:0
	:0
	:0
	:0
	:0
	:0
	:0
	:0
	:0
	:0
	:0
	:0
	:0
	:0
	:0
	:0
	:0
	:0
	:0
	:0
	:0
	:0
	:0
	:0
	:0
	:0
	:0
	:0
	:0
	:0
	:0
	:0
	:0
	:0
	:0
	:0
	:0
	:0
	:0
	:0
	:0
	:0
	:0
	:0
	:0
	:0
	:0
	:0
	:0
	:0
	:0
	:0
	:0
	:0
	:0
	:0
	:0
	:0
	:0
	:0
	:0
	:0
	:0
	:0
	:0
	:0
	:0
	:0
	:0
	:0
	:0
	:0
	:0
	:0
	:0
	:0
	:0
	:0
	:0
	:0
	:0
	:0
	:0
	:0
	:0
	:0
	:0
	:0
	:0
	:0
	:0
	:0
	:0
	:0
	:0
	:0
	:0
	:0
	:0
	:0
	:0
	:0
	:0
	:0
	:0
	:0
	:0
	:0
	:0
	:0
	:0
	:0
	:0
	:0
	:0
	:0
	:0
	:0
	:0
	:0
	:0
	:0
	:0
	:0
	:0
	:0
	:0
	:0
	:0
	:0
	:0
	:0
	:0
	:0
	:0
	:0
	:0
	:0
	:0
	:0
	:0
	:0
	:0
	:0
	:0
	:0
	:0
	:0
	:0
	:0
	:0
	:0
	:0
	:0
	:0
	:0
	:0
	:0
	:0
	:0
	:0
	:0
	:0
	:0
	:0
	:0
	:0
	:0
	:0
	:0
	:0
	:0
	:0
	:0
	:0
	:0
	:0
	:0
	:0
	:0
	:0
	:0
	:0
	:0
	:0
	:0
	:0
	:0
	:0
	:0
	:0
	:0
	:0
	:0
	:0
	:0
	:0
	:0
	:0
	:0
	:0
	:0
	:0
	:0
	:0
	:0
	:0
	:0
	:0
	:0
	:0
	:0
	:0
	:0
	:0
	:0
	:0
	:0
	:0
	:0
	:0
	:0
	:0
	:0
	:0
	:0
	:0
	:0
	:0
	:0
	:0
	:0
	:0
	:0
	:0
	:0
	:0
	:0
	:0
	:0
	:0
	:0
	:0
	:0
	:0
	:0
	:0
	:0
	:0
	:0
	:0
	:0
	:0
	:0
	:0
	:0
	:0
	:0
	:0
	:0
	:0
	:0
	:0
	:0
	:0
	:0
	:0
	:0
	:0
	:0
	:0
	:0
	:0
	:0
	:0
	:0
	:0
	:0
	:0
	:0
	:0
	:0
	:0
	:0
	:0
	:0
	:0
	:0
	:0
	:0
	:0
	:0
	:0
	:0
	:0
	:0
	:0
	:0
	:0
	:0
	:0
	:0
	:0
	:0
	:0
	:0
	:0
	:0
	:0
	:0
	:0
	:0
	:0
	:0
	:0
	:0
	:0
	:0
	:0
	:0
	:0
	:0
	:0
	:0
	:0
	:0
	:0
	:0
	:0
	:0
	:0
	:0
	:0
	:0
	:0
	:0
	:0
	:0
	:0
	:0
	:0
	:0
	:0
	:0
	:0
	:0
	:0
	:0
	:0
	:0
	:0
	:0
	:0
	:0
	:0
	:0
	:0
	:0
	:0
	:0
	:0
	:0
	:0
	:0
	:0
	:0
	:0
	:0
	:0
	:0
	:0
	:0
	:0
	:0
	:0
	:0
	:0
	:0
	:0
	:0
	:0
	:0
	:0
	:0
	:0
	:0
	:0
	:0
	:0
	:0
	:0
	:0
	:0
	:0
	:0
	:0
	:0
	:0
	:0
	:0
	:0
	:0
	:0
	:0
	:0
	:0
	:0
	:0
	:0
	:0
	:0
	:0
	:0
	:0
	:0
	:0
	:0
	:0
	:0
	:0
	:0
	:0
	:0
	:0
	:0
	:0
	:0
	:0
	:0
	:0
	:0
	:0
	:0
	:0
	:0
	:0
	:0
	:0
	:0
	:0
	:0
	:0
	:0
	:0
	:0
	:0
	:0
	:0
	:0
	:0
	:0
	:0
	:0
	:0
	:0
	:0
	:0
	:0
	:0
	:0
	:0
	:0
	:0
	:0
	:0
	:0
	:0
	:0
	:0
	:0
	:0
	:0
	:0
	:0
	:0
	:0
	:0
	:0
	:0
	:0
	:0
	:0
	:0
	:0
	:0
	:0
	:0
	:0
	:0
	:0
	:0
	:0
	:0
	:0
	:0
	:0
	:0
	:0
	:0
	:0
	:0
	:0
	:0
	:0
	:0
	:0
	:0
	:0
	:0
	:0
	:0
	:0
	:0
	:0
	:0
	:0
	:0
	:0
	:0
	:0
	:0
	:0
	:0
	:0
	:0
	:0
	:0
	:0
	:0
	:0
	:0
	:0
	:0
	:0
	:0
	:0
	:0
	:0
	:0
	:0
	:0
	:0
	:0
	:0
	:0
	:0
	:0
	:0
	:0
	:0
	:0
	:0
	:0
	:0
	:0
	:0
	:0
	:0
	:0
	:0
	:0
	:0
	:0
	:0
	:0
	:0
	:0
	:0
	:0
	:0
	:0
	:0
	:0
	:0
	:0
	:0
	:0
	:0
	:0
	:0
	:0
	:0
	:0
	:0
	:0
	:0
	:0
	:0
	:0
	:0
	:0
	:0
	:0
	:0
	:0
	:0
	:0
	:0
	:0
	:0
	:0
	:0
	:0
	:0
	:0
	:0
	:0
	:0
	:0
	:0
	:0
	:0
	:0
	:0
	:0
	:0
	:0
	:0
	:0
	:0
	:0
	:0
	:0
	:0
	:0
	:0
	:0
	:0
	:0
	:0
	:0
	:0
	:0
	:0
	:0
	:0
	:0
	:0
	:0
	:0
	:0
	:0
	:0
	:0
	:0
	:0
	:0
	:0
	:0
	:0
	:0
	:0
	:0
	:0
	:0
	:0
	:0
	:0
	:0
	:0
	:0
	:0
	:0
	:0
	:0
	:0
	:0
	:0
	:0
	:0
	:0
	:0
	:0
	:0
	:0
	:0
	:0
	:0
	:0
	:0
	:0
	:0
	:0
	:0
	:0
	:0
	:0
	:0
	:0
	:0
	:0
	:0
	:0
	:0
	:0
	:0
	:0
	:0
	:0
	:0
	:0
	:0
	:0
	:0
	:0
	:0
	:0
	:0
	:0
	:0
	:0
	:0
	:0
	:0
	:0
	:0
	:0
	:0
	:0
	:0
	:0
	:0
	:0
	:0
	:0
	:0
	:0
	:0
	:0
	:0
	:0
	:0
	:0
	:0
	:0
	:0
	:0
	:0
	:0
	:0
	:0
	:0
	:0
	:0
	:0
	:0
	:0
	:0
	:0
	:0
	:0
	:0
	:0
	:0
	:0
	:0
	:0
	:0
	:0
	:0
	:0
	:0
	:0
	:0
	:0
	:0
	:0
	:0
	:0
	:0
	:0
	:0
	:0
	:0
	:0
	:0
	:0
	:0
	:0
	:0
	:0
	:0
	:0
	:0
	:0
	:0
	:0
	:0
	:0
	:0
	:0
	:0
	:0
	:0
	:0
	:0
	:0
	:0
	:0
	:0
	:0
	:0
	:0
	:0
	:0
	:0
	:0
	:0
	:0
	:0
	:0
	:0
	:0
	:0
	:0
	:0
	:0
	:0
	:0
	:0
	:0
	:0
	:0
	:0
	:0
	:0
	:0
	:0
	:0
	:0
	:0
	:0
	:0
	:0
	:0
	:0
	:0
	:0
	:0
	:0
	:0
	:0
	:0
	:0
	:0
	:0
	:0
	:0
	:0
	:0
	:0
	:0
	:0
	:0
	:0
	:0
	:0
	:0
	:0
	:0
	:0
	:0
	:0
	:0
	:0
	:0
	:0
	:0
	:0
	:0
	:0
	:0
	:0
	:0
	:0
	:0
	:0
	:0
	:0
	:0
	:0
	:0
	:0
	:0
	:0
	:0
	:0
	:0
	:0
	:0
	:0
	:0
	:0
	:0
	:0
	:0
	:0
	:0
	:0
	:0
	:0
	:0
	:0
	:0
	:0
	:0
	:0
	:0
	:0
	:0
	:0
	:0
	:0
	:0
	:0
	:0
	:0
	:0
	:0
	:0
	:0
	:0
	:0
	:0
	:0
	:0
	:0
	:0
	:0
	:0
	:0
	:0
	:0
	:0
	:0
	:0
	:0
	:0
	:0
	:0
	:0
	:0
	:0
	:0
	:0
	:0
	:0
	:0
	:0
	:0
	:0
	:0
	:0
	:0
	:0
	:0
	:0
	:0
	:0
	:0
	:0
	:0
	:0
	:0
	:0
	:0
	:0
	:0
	:0
	:0
	:0
	:0
	:0
	:0
	:0
	:0
	:0
	:0
	:0
	:0
	:0
	:0
	:0
	:0
	:0
	:0
	:0
	:0
	:0
	:0
	:0
	:0
	:0
	:0
	:0
	:0
	:0
	:0
	:0
	:0
	:0
	:0
	:0
	:0
	:0
	:0
	:0
	:0
	:0
	:0
	:0
	:0
	:0
	:0
	:0
	:0
	:0
	:0
	:0
	:0
	:0
	:0
	:0
	:0
	:0
	:0
	:0
	:0
	:0
	:0
	:0
	:0
	:0
	:0
	:0
	:0
	:0
	:0
	:0
	:0
	:0
	:0
	:0
	:0
	:0
	:0
	:0
	:0
	:0
	:0
	:0
	:0
	:0
	:0
	:0
	:0
	:0
	:0
	:0
	:0
	:0
	:0
	:0
	:0
	:0
	:0
	:0
	:0
	:0
	:0
	:0
	:0
	:0
	:0
	:0
	:0
	:0
	:0
	:0
	:0
	:0
	:0
	:0
	:0
	:0
	:0
	:0
	:0
	:0
	:0
	:0
	:0
	:0
	:0
	:0
	:0
	:0
	:0
	:0
	:0
	:0
	:0
	:0
	:0
	:0
	:0
	:0
	:0
	:0
	:0
	:0
	:0
	:0
	:0
	:0
	:0
	:0
	:0
	:0
	:0
	:0
	:0
	:0
	:0
	:0
	:0
	:0
	:0
	:0
	:0
	:0
	:0
	:0
	:0
	:0
	:0
	:0
	:0
	:0
	:0
	:0
	:0
	:0
	:0
	:0
	:0
	:0
	:0
	:0
	:0
	:0
	:0
	:0
	:0
	:0
	:0
	:0
	:0
	:0
	:0
	:0
	:0
	:0
	:0
	:0
	:0
	:0
	:0
	:0
	:0
	:0
	:0
	:0
	:0
	:0
	:0
	:0
	:0
	:0
	:0
	:0
	:0
	:0
	:0
	:0
	:0
	:0
	:0
	:0
	:0
	:0
	:0
	:0
	:0
	:0
	:0
	:0
	:0
	:0
	:0
	:0
	:0
	:0
	:0
	:0
	:0
	:0
	:0
	:0
	:0
	:0
	:0
	:0
	:0
	:0
	:0
	:0
	:0
	:0
	:0
	:0
	:0
	:0
	:0
	:0
	:0
	:0
	:0
	:0
	:0
	:0
	:0
	:0
	:0
	:0
	:0
	:0
	:0
	:0
	:0
	:0
	:0
	:0
	:0
	:0
	:0
	:0
	:0
	:0
	:0
	:0
	:0
	:0
	:0
	:0
	:0
	:0
	:0
	:0
	:0
	:0
	:0
	:0
	:0
	:0
	:0
	:0
	:0
	:0
	:0
	:0
	:0
	:0
	:0
	:0
	:0
	:0
	:0
	:0
	:0
	:0
	:0
	:0
	:0
	:0
	:0
	:0
	:0
	:0
	:0
	:0
	:0
	:0
	:0
	:0
	:0
	:0
	:0
	:0
	:0
	:0
	:0
	:0
	:0
	:0
	:0
	:0
	:0
	:0
	:0
	:0
	:0
	:0
	:0
	:0
	:0
	:0
	:0
	:0
	:0
	:0
	:0
	:0
	:0
	:0
	:0
	:0
	:0
	:0
	:0
	:0
	:0
	:0
	:0
	:0
	:0
	:0
	:0
	:0
	:0
	:0
	:0
	:0
	:0
	:0
	:0
	:0
	:0
	:0
	:0
	:0
	:0
	:0
	:0
	:0
	:0
	:0
	:0
	:0
	:0
	:0
	:0
	:0
	:0
	:0
	:0
	:0
	:0
	:0
	:0
	:0
	:0
	:0
	:0
	:0
	:0
	:0
	:0
	:0
	:0
	:0
	:0
	:0
	:0
	:0
	:0
	:0
	:0
	:0
	:0
	:0
	:0
	:0
	:0
	:0
	:0
	:0
	:0
	:0
	:0
	:0
	:0
	:0
	:0
	:0
	:0
	:0
	:0
	:0
	:0
	:0
	:0
	:0
	:0
	:0
	:0
	:0
	:0
	:0
	:0
	:0
	:0
	:0
	:0
	:0
	:0
	:0
	:0
	:0
	:0
	:0
	:0
	:0
	:0
	:0
	:0
	:0
	:0
	:0
	:0
	:0
	:0
	:0
	:0
	:0
	:0
	:0
	:0
	:0
	:0
	:0
	:0
	:0
	:0
	:0
	:0
	:0
	:0
	:0
	:0
	:0
	:0
	:0
	:0
	:0
	:0
	:0
	:0
	:0
	:0
	:0
	:0
	:0
	:0
	:0
	:0
	:0
	:0
	:0
	:0
	:0
	:0
	:0
	:0
	:0
	:0
	:0
	:0
	:0
	:0
	:0
	:0
	:0
	:0
	:0
	:0
	:0
	:0
	:0
	:0
	:0
	:0
	:0
	:0
	:0
	:0
	:0
	:0
	:0
	:0
	:0
	:0
	:0
	:0
	:0
	:0
	:0
	:0
	:0
	:0
	:0
	:0
	:0
	:0
	:0
	:0
	:0
	:0
	:0
	:0
	:0
	:0
	:0
	:0
	:0
	:0
	:0
	:0
	:0
	:0
	:0
	:0
	:0
	:0
	:0
	:0
	:0
	:0
	:0
	:0
	:0
	:0
	:0
	:0
	:0
	:0
	:0
	:0
	:0
	:0
	:0
	:0
	:0
	:0
	:0
	:0
	:0
	:0
	:0
	:0
	:0
	:0
	:0
	:0
	:0
	:0
	:0
	:0
	:0
	:0
	:0
	:0
	:0
	:0
	:0
	:0
	:0
	:0
	:0
	:0
	:0
	:0
	:0
	:0
	:0
	:0
	:0
	:0
	:0
	:0
	:0
	:0
	:0
	:0
	:0
	:0
	:0
	:0
	:0
	:0
	:0
	:0
	:0
	:0
	:0
	:0
	:0
	:0
	:0
	:0
	:0
	:0
	:0
	:0
	:0
	:0
	:0
	:0
	:0
	:0
	:0
	:0
	:0
	:0
	:0
	:0
	:0
	:0
	:0
	:0
	:0
	:0
	:0
	:0
	:0
	:0
	:0
	:0
	:0
	:0
	:0
	:0
	:0
	:0
	:0
	:0
	:0
	:0
	:0
	:0
	:0
	:0
	:0
	:0
	:0
	:0
	:0
	:0
	:0
	:0
	:0
	:0
	:0
	:0
	:0
	:0
	:0
	:0
	:0
	:0
	:0
	:0
	:0
	:0
	:0
	:0
	:0
	:0
	:0
	:0
	:0
	:0
	:0
	:0
	:0
	:0
	:0
	:0
	:0
	:0
	:0
	:0
	:0
	:0
	:0
	:0
	:0
	:0
	:0
	:0
	:0
	:0
	:0
	:0
	:0
	:0
	:0
	:0
	:0
	:0
	:0
	:0
	:0
	:0
	:0
	:0
	:0
	:0
	:0
	:0
	:0
	:0
	:0
	:0
	:0
	:0
	:0
	:0
	:0
	:0
	:0
	:0
	:0
	:0
	:0
	:0
	:0
	:0
	:0
	:0
	:0
	:0
	:0
	:0
	:0
	:0
	:0
	:0
	:0
	:0
	:0
	:0
	:0
	:0
	:0
	:0
	:0
	:0
	:0
	:0
	:0
	:0
	:0
	:0
	:0
	:0
	:0
	:0
	:0
	:0
	:0
	:0
	:0
	:0
	:0
	:0
	:0
	:0
	:0
	:0
	:0
	:0
	:0
	:0
	:0
	:0
	:0
	:0
	:0
	:0
	:0
	:0
	:0
	:0
	:0
	:0
	:0
	:0
	:0
	:0
	:0
	:0
	:0
	:0
	:0
	:0
	:0
	:0
	:0
	:0
	:0
	:0
	:0
	:0
	:0
	:0
	:0
	:0
	:0
	:0
	:0
	:0
	:0
	:0
	:0
	:0
	:0
	:0
	:0
	:0
	:0
	:0
	:0
	:0
	:0
	:0
	:0
	:0
	:0
	:0
	:0
	:0
	:0
	:0
	:0
	:0
	:0
	:0
	:0
	:0
	:0
	:0
	:0
	:0
	:0
	:0
	:0
	:0
	:0
	:0
	:0
	:0
	:0
	:0
	:0
	:0
	:0
	:0
	:0
	:0
	:0
	:0
	:0
	:0
	:0
	:0
	:0
	:0
	:0
	:0
	:0
	:0
	:0
	:0
	:0
	:0
	:0
	:0
	:0
	:0
	:0
	:0
	:0
	:0
	:0
	:0
	:0
	:0
	:0
	:0
	:0
	:0
	:0
	:0
	:0
	:0
	:0
	:0
	:0
	:0
	:0
	:0
	:0
	:0
	:0
	:0
	:0
	:0
	:0
	:0
	:0
	:0
	:0
	:0
	:0
	:0
	:0
	:0
	:0
	:0
	:0
	:0
	:0
	:0
	:0
	:0
	:0
	:0
	:0
	:0
	:0
	:0
	:0
	:0
	:0
	:0
	:0
	:0
	:0
	:0
	:0
	:0
	:0
	:0
	:0
	:0
	:0
	:0
	:0
	:0
	:0
	:0
	:0
	:0
	:0
	:0
	:0
	:0
	:0
	:0
	:0
	:0
	:0
	:0
	:0
	:0
	:0
	:0
	:0
	:0
	:0
	:0
	:0
	:0
	:0
	:0
	:0
	:0
	:0
	:0
	:0
	:0
	:0
	:0
	:0
	:0
	:0
	:0
	:0
	:0
	:0
	:0
	:0
	:0
	:0
	:0
	:0
	:0
	:0
	:0
	:0
	:0
	:0
	:0
	:0
	:0
	:0
	:0
	:0
	:0
	:0
	:0
	:0
	:0
	:0
	:0
	:0
	:0
	:0
	:0
	:0
	:0
	:0
	:0
	:0
	:0
	:0
	:0
	:0
	:0
	:0
	:0
	:0
	:0
	:0
	:0
	:0
	:0
	:0
	:0
	:0
	:0
	:0
	:0
	:0
	:0
	:0
	:0
	:0
	:0
	:0
	:0
	:0
	:0
	:0
	:0
	:0
	:0
	:0
	:0
	:0
	:0
	:0
	:0
	:0
	:0
	:0
	:0
	:0
	:0
	:0
	:0
	:0
	:0
	:0
	:0
	:0
	:0
	:0
	:0
	:0
	:0
	:0
	:0
	:0
	:0
	:0
	:0
	:0
	:0
	:0
	:0
	:0
	:0
	:0
	:0
	:0
	:0
	:0
	:0
	:0
	:0
	:0
	:0
	:0
	:0
	:0
	:0
	:0
	:0
	:0
	:0
	:0
	:0
	:0
	:0
	:0
	:0
	:0
	:0
	:0
	:0
	:0
	:0
	:0
	:0
	:0
	:0
	:0
	:0
	:0
	:0
	:0
	:0
	:0
	:0
	:0
	:0
	:0
	:0
	:0
	:0
	:0
	:0
	:0
	:0
	:0
	:0
	:0
	:0
	:0
	:0
	:0
	:0
	:0
	:0
	:0
	:0
	:0
	:0
	:0
	:0
	:0
	:0
	:0
	:0
	:0
	:0
	:0
	:0
	:0
	:0
	:0
	:0
	:0
	:0
	:0
	:0
	:0
	:0
	:0
	:0
	:0
	:0
	:0
	:0
	:0
	:0
	:0
	:0
	:0
	:0
	:0
	:0
	:0
	:0
	:0
	:0
	:0
	:0
	:0
	:0
	:0
	:0
	:0
	:0
	:0
	:0
	:0
	:0
	:0
	:0
	:0
	:0
	:0
	:0
	:0
	:0
	:0
	:0
	:0
	:0
	:0
	:0
	:0
	:0
	:0
	:0
	:0
	:0
	:0
	:0
	:0
	:0
	:0
	:0
	:0
	:0
	:0
	:0
	:0
	:0
	:0
	:0
	:0
	:0
	:0
	:0
	:0
	:0
	:0
	:0
	:0
	:0
	:0
	:0
	:0
	:0
	:0
	:0
	:0
	:0
	:0
	:0
	:0
	:0
	:0
	:0
	:0
	:0
	:0
	:0
	:0
	:0
	:0
	:0
	:0
	:0
	:0
	:0
	:0
	:0
	:0
	:0
	:0
	:0
	:0
	:0
	:0
	:0
	:0
	:0
	:0
	:0
	:0
	:0
	:0
	:0
	:0
	:0
	:0
	:0
	:0
	:0
	:0
	:0
	:0
	:0
	:0
	:0
	:0
	:0
	:0
	:0
	:0
	:0
	:0
	:0
	:0
	:0
	:0
	:0
	:0
	:0
	:0
	:0
	:0
	:0
	:0
	:0
	:0
	:0
	:0
	:0
	:0
	:0
	:0
	:0
	:0
	:0
	:0
	:0
	:0
	:0
	:0
	:0
	:0
	:0
	:0
	:0
	:0
	:0
	:0
	:0
	:0
	:0
	:0
	:0
	:0
	:0
	:0
	:0
	:0
	:0
	:0
	:0
	:0
	:0
	:0
	:0
	:0
	:0
	:0
	:0
	:0
	:0
	:0
	:0
	:0
	:0
	:0
	:0
	:0
	:0
	:0
	:0
	:0
	:0
	:0
	:0
	:0
	:0
	:0
	:0
	:0
	:0
	:0
	:0
	:0
	:0
	:0
	:0
	:0
	:0
	:0
	:0
	:0
	:0
	:0
	:0
	:0
	:0
	:0
	:0
	:0
	:0
	:0
	:0
	:0
	:0
	:0
	:0
	:0
	:0
	:0
	:0
	:0
	:0
	:0
	:0
	:0
	:0
	:0
	:0
	:0
	:0
	:0
	:0
	:0
	:0
	:0
	:0
	:0
	:0
	:0
	:0
	:0
	:0
	:0
	:0
	:0
	:0
	:0
	:0
	:0
	:0
	:0
	:0
	:0
	:0
	:0
	:0
	:0
	:0
	:0
	:0
	:0
	:0
	:0
	:0
	:0
	:0
	:0
	:0
	:0
	:0
	:0
	:0
	:0
	:0
	:0
	:0
	:0
	:0
	:0
	:0
	:0
	:0
	:0
	:0
	:0
	:0
	:0
	:0
	:0
	:0
	:0
	:0
	:0
	:0
	:0
	:0
	:0
	:0
	:0
	:0
	:0
	:0
	:0
	:0
	:0
	:0
	:0
	:0
	:0
	:0
	:0
	:0
	:0
	:0
	:0
	:0
	:0
	:0
	:0
	:0
	:0
	:0
	:0
	:0
	:0
	:0
	:0
	:0
	:0
	:0
	:0
	:0
	:0
	:0
	:0
	:0
	:0
	:0
	:0
	:0
	:0
	:0
	:0
	:0
	:0
	:0
	:0
	:0
	:0
	:0
	:0
	:0
	:0
	:0
	:0
	:0
	:0
	:0
	:0
	:0
	:0
	:0
	:0
	:0
	:0
	:0
	:0
	:0
	:0
	:0
	:0
	:0
	:0
	:0
	:0
	:0
	:0
	:0
	:0
	:0
	:0
	:0
	:0
	:0
	:0
	:0
	:0
	:0
	:0
	:0
	:0
	:0
	:0
	:0
	:0
	:0
	:0
	:0
	:0
	:0
	:0
	:0
	:0
	:0
	:0
	:0
	:0
	:0
	:0
	:0
	:0
	:0
	:0
	:0
	:0
	:0
	:0
	:0
	:0
	:0
	:0
	:0
	:0
	:0
	:0
	:0
	:0
	:0
	:0
	:0
	:0
	:0
	:0
	:0
	:0
	:0
	:0
	:0
	:0
	:0
	:0
	:0
	:0
	:0
	:0
	:0
	:0
	:0
	:0
	:0
	:0
	:0
	:0
	:0
	:0
	:0
	:0
	:0
	:0
	:0
	:0
	:0
	:0
	:0
	:0
	:0
	:0
	:0
	:0
	:0
	:0
	:0
	:0
	:0
	:0
	:0
	:0
	:0
	:0
	:0
	:0
	:0
	:0
	:0
	:0
	:0
	:0
	:0
	:0
	:0
	:0
	:0
	:0
	:0
	:0
	:0
	:0
	:0
	:0
	:0
	:0
	:0
	:0
	:0
	:0
	:0
	:0
	:0
	:0
	:0
	:0
	:0
	:0
	:0
	:0
	:0
	:0
	:0
	:0
	:0
	:0
	:0
	:0
	:0
	:0
	:0
	:0
	:0
	:0
	:0
	:0
	:0
	:0
	:0
	:0
	:0
	:0
	:0
	:0
	:0
	:0
	:0
	:0
	:0
	:0
	:0
	:0
	:0
	:0
	:0
	:0
	:0
	:0
	:0
	:0
	:0
	:0
	:0
	:0
	:0
	:0
	:0
	:0
	:0
	:0
	:0
	:0
	:0
	:0
	:0
	:0
	:0
	:0
	:0
	:0
	:0
	:0
	:0
	:0
	:0
	:0
	:0
	:0
	:0
	:0
	:0
	:0
	:0
	:0
	:0
	:0
	:0
	:0
	:0
	:0
	:0
	:0
	:0
	:0
	:0
	:0
	:0
	:0
	:0
	:0
	:0
	:0
	:0
	:0
	:0
	:0
	:0
	:0
	:0
	:0
	:0
	:0
	:0
	:0
	:0
	:0
	:0
	:0
	:0
	:0
	:0
	:0
	:0
	:0
	:0
	:0
	:0
	:0
	:0
	:0
	:0
	:0
	:0
	:0
	:0
	:0
	:0
	:0
	:0
	:0
	:0
	:0
	:0
	:0
	:0
	:0
	:0
	:0
	:0
	:0
	:0
	:0
	:0
	:0
	:0
	:0
	:0
	:0
	:0
	:0
	:0
	:0
	:0
	:0
	:0
	:0
	:0
	:0
	:0
	:0
	:0
	:0
	:0
	:0
	:0
	:0
	:0
	:0
	:0
	:0
	:0
	:0
	:0
	:0
	:0
	:0
	:0
	:0
	:0
	:0
	:0
	:0
	:0
	:0
	:0
	:0
	:0
	:0
	:0
	:0
	:0
	:0
	:0
	:0
	:0
	:0
	:0
	:0
	:0
	:0
	:0
	:0
	:0
	:0
	:0
	:0
	:0
	:0
	:0
	:0
	:0
	:0
	:0
	:0
	:0
	:0
	:0
	:0
	:0
	:0
	:0
	:0
	:0
	:0
	:0
	:0
	:0
	:0
	:0
	:0
	:0
	:0
	:0
	:0
	:0
	:0
	:0
	:0
	:0
	:0
	:0
	:0
	:0
	:0
	:0
	:0
	:0
	:0
	:0
	:0
	:0
	:0
	:0
	:0
	:0
	:0
	:0
	:0
	:0
	:0
	:0
	:0
	:0
	:0
	:0
	:0
	:0
	:0
	:0
	:0
	:0
	:0
	:0
	:0
	:0
	:0
	:0
	:0
	:0
	:0
	:0
	:0
	:0
	:0
	:0
	:0
	:0
	:0
	:0
	:0
	:0
	:0
	:0
	:0
	:0
	:0
	:0
	:0
	:0
	:0
	:0
	:0
	:0
	:0
	:0
	:0
	:0
	:0
	:0
	:0
	:0
	:0
	:0
	:0
	:0
	:0
	:0
	:0
	:0
	:0
	:0
	:0
	:0
	:0
	:0
	:0
	:0
	:0
	:0
	:0
	:0
	:0
	:0
	:0
	:0
	:0
	:0
	:0
	:0
	:0
	:0
	:0
	:0
	:0
	:0
	:0
	:0
	:0
	:0
	:0
	:0
	:0
	:0
	:0
	:0
	:0
	:0
	:0
	:0
	:0
	:0
	:0
	:0
	:0
	:0
	:0
	:0
	:0
	:0
	:0
	:0
	:0
	:0
	:0
	:0
	:0
	:0
	:0
	:0
	:0
	:0
	:0
	:0
	:0
	:0
	:0
	:0
	:0
	:0
	:0
	:0
	:0
	:0
	:0
	:0
	:0
	:0
	:0
	:0
	:0
	:0
	:0
	:0
	:0
	:0
	:0
	:0
	:0
	:0
	:0
	:0
	:0
	:0
	:0
	:0
	:0
	:0
	:0
	:0
	:0
	:0
	:0
	:0
	:0
	:0
	:0
	:0
	:0
	:0
	:0
	:0
	:0
	:0
	:0
	:0
	:0
	:0
	:0
	:0
	:0
	:0
	:0
	:0
	:0
	:0
	:0
	:0
	:0
	:0
	:0
	:0
	:0
	:0
	:0
	:0
	:0
	:0
	:0
	:0
	:0
	:0
	:0
	:0
	:0
	:0
	:0
	:0
	:0
	:0
	:0
	:0
	:0
	:0
	:0
	:0
	:0
	:0
	:0
	:0
	:0
	:0
	:0
	:0
	:0
	:0
	:0
	:0
	:0
	:0
	:0
	:0
	:0
	:0
	:0
	:0
	:0
	:0
	:0
	:0
	:0
	:0
	:0
	:0
	:0
	:0
	:0
	:0
	:0
	:0
	:0
	:0
	:0
	:0
	:0
	:0
	:0
	:0
	:0
	:0
	:0
	:0
	:0
	:0
	:0
	:0
	:0
	:0
	:0
	:0
	:0
	:0
	:0
	:0
	:0
	:0
	:0
	:0
	:0
	:0
	:0
	:0
	:0
	:0
	:0
	:0
	:0
	:0
	:0
	:0
	:0
	:0
	:0
	:0
	:0
	:0
	:0
	:0
	:0
	:0
	:0
	:0
	:0
	:0
	:0
	:0
	:0
	:0
	:0
	:0
	:0
	:0
	:0
	:0
	:0
	:0
	:0
	:0
	:0
	:0
	:0
	:0
	:0
	:0
	:0
	:0
	:0
	:0
	:0
	:0
	:0
	:0
	:0
	:0
	:0
	:0
	:0
	:0
	:0
	:0
	:0
	:0
	:0
	:0
	:0
	:0
	:0
	:0
	:0
	:0
	:0
	:0
	:0
	:0
	:0
	:0
	:0
	:0
	:0
	:0
	:0
	:0
	:0
	:0
	:0
	:0
	:0
	:0
	:0
	:0
	:0
	:0
	:0
	:0
	:0
	:0
	:0
	:0
	:0
	:0
	:0
	:0
	:0
	:0
	:0
	:0
	:0
	:0
	:0
	:0
	:0
	:0
	:0
	:0
	:0
	:0
	:0
	:0
	:0
	:0
	:0
	:0
	:0
	:0
	:0
	:0
	:0
	:0
	:0
	:0
	:0
	:0
	:0
	:0
	:0
	:0
	:0
	:0
	:0
	:0
	:0
	:0
	:0
	:0
	:0
	:0
	:0
	:0
	:0
	:0
	:0
	:0
	:0
	:0
	:0
	:0
	:0
	:0
	:0
	:0
	:0
	:0
	:0
	:0
	:0
	:0
	:0
	:0
	:0
	:0
	:0
	:0
	:0
	:0
	:0
	:0
	:0
	:0
	:0
	:0
	:0
	:0
	:0
	:0
	:0
	:0
	:0
	:0
	:0
	:0
	:0
	:0
	:0
	:0
	:0
	:0
	:0
	:0
	:0
	:0
	:0
	:0
	:0
	:0
	:0
	:0
	:0
	:0
	:0
	:0
	:0
	:0
	:0
	:0
	:0
	:0
	:0
	:0
	:0
	:0
	:0
	:0
	:0
	:0
	:0
	:0
	:0
	:0
	:0
	:0
	:0
	:0
	:0
	:0
	:0
	:0
	:0
	:0
	:0
	:0
	:0
	:0
	:0
	:0
	:0
	:0
	:0
	:0
	:0
	:0
	:0
	:0
	:0
	:0
	:0
	:0
	:0
	:0
	:0
	:0
	:0
	:0
	:0
	:0
	:0
	:0
	:0
	:0
	:0
	:0
	:0
	:0
	:0
	:0
	:0
	:0
	:0
	:0
	:0
	:0
	:0
	:0
	:0
	:0
	:0
	:0
	:0
	:0
	:0
	:0
	:0
	:0
	:0
	:0
	:0
	:0
	:0
	:0
	:0
	:0
	:0
	:0
	:0
	:0
	:0
	:0
	:0
	:0
	:0
	:0
	:0
	:0
	:0
	:0
	:0
	:0
	:0
	:0
	:0
	:0
	:0
	:0
	:0
	:0
	:0
	:0
	:0
	:0
	:0
	:0
	:0
	:0
	:0
	:0
	:0
	:0
	:0
	:0
	:0
	:0
	:0
	:0
	:0
	:0
	:0
	:0
	:0
	:0
	:0
	:0
	:0
	:0
	:0
	:0
	:0
	:0
	:0
	:0
	:0
	:0
	:0
	:0
	:0
	:0
	:0
	:0
	:0
	:0
	:0
	:0
	:0
	:0
	:0
	:0
	:0
	:0
	:0
	:0
	:0
	:0
	:0
	:0
	:0
	:0
	:0
	:0
	:0
	:0
	:0
	:0
	:0
	:0
	:0
	:0
	:0
	:0
	:0
	:0
	:0
	:0
	:0
	:0
	:0
	:0
	:0
	:0
	:0
	:0
	:0
	:0
	:0
	:0
	:0
	:0
	:0
	:0
	:0
	:0
	:0
	:0
	:0
	:0
	:0
	:0
	:0
	:0
	:0
	:0
	:0
	:0
	:0
	:0
	:0
	:0
	:0
	:0
	:0
	:0
	:0
	:0
	:0
	:0
	:0
	:0
	:0
	:0
	:0
	:0
	:0
	:0
	:0
	:0
	:0
	:0
	:0
	:0
	:0
	:0
	:0
	:0
	:0
	:0
	:0
	:0
	:0
	:0
	:0
	:0
	:0
	:0
	:0
	:0
	:0
	:0
	:0
	:0
	:0
	:0
	:0
	:0
	:0
	:0
	:0
	:0
	:0
	:0
	:0
	:0
	:0
	:0
	:0
	:0
	:0
	:0
	:0
	:0
	:0
	:0
	:0
	:0
	:0
	:0
	:0
	:0
	:0
	:0
	:0
	:0
	:0
	:0
	:0
	:0
	:0
	:0
	:0
	:0
	:0
	:0
	:0
	:0
	:0
	:0
	:0
	:0
	:0
	:0
	:0
	:0
	:0
	:0
	:0
	:0
	:0
	:0
	:0
	:0
	:0
	:0
	:0
	:0
	:0
	:0
	:0
	:0
	:0
	:0
	:0
	:0
	:0
	:0
	:0
	:0
	:0
	:0
	:0
	:0
	:0
	:0
	:0
	:0
	:0
	:0
	:0
	:0
	:0
	:0
	:0
	:0
	:0
	:0
	:0
	:0
	:0
	:0
	:0
	:0
	:0
	:0
	:0
	:0
	:0
	:0
	:0
	:0
	:0
	:0
	:0
	:0
	:0
	:0
	:0
	:0
	:0
	:0
	:0
	:0
	:0
	:0
	:0
	:0
	:0
	:0
	:0
	:0
	:0
	:0
	:0
	:0
	:0
	:0
	:0
	:0
	:0
	:0
	:0
	:0
	:0
	:0
	:0
	:0
	:0
	:0
	:0
	:0
	:0
	:0
	:0
	:0
	:0
	:0
	:0
	:0
	:0
	:0
	:0
	:0
	:0
	:0
	:0
	:0
	:0
	:0
	:0
	:0
	:0
	:0
	:0
	:0
	:0
	:0
	:0
	:0
	:0
	:0
	:0
	:0
	:0
	:0
	:0
	:0
	:0
	:0
	:0
	:0
	:0
	:0
	:0
	:0
	:0
	:0
	:0
	:0
	:0
	:0
	:0
	:0
	:0
	:0
	:0
	:0
	:0
	:0
	:0
	:0
	:0
	:0
	:0
	:0
	:0
	:0
	:0
	:0
	:0
	:0
	:0
	:0
	:0
	:0
	:0
	:0
	:0
	:0
	:0
	:0
	:0
	:0
	:0
	:0
	:0
	:0
	:0
	:0
	:0
	:0
	:0
	:0
	:0
	:0
	:0
	:0
	:0
	:0
	:0
	:0
	:0
	:0
	:0
	:0
	:0
	:0
	:0
	:0
	:0
	:0
	:0
	:0
	:0
	:0
	:0
	:0
	:0
	:0
	:0
	:0
	:0
	:0
	:0
	:0
	:0
	:0
	:0
	:0
	:0
	:0
	:0
	:0
	:0
	:0
	:0
	:0
	:0
	:0
	:0
	:0
	:0
	:0
	:0
	:0
	:0
	:0
	:0
	:0
	:0
	:0
	:0
	:0
	:0
	:0
	:0
	:0
	:0
	:0
	:0
	:0
	:0
	:0
	:0
	:0
	:0
	:0
	:0
	:0
	:0
	:0
	:0
	:0
	:0
	:0
	:0
	:0
	:0
	:0
	:0
	:0
	:0
	:0
	:0
	:0
	:0
	:0
	:0
	:0
	:0
	:0
	:0
	:0
	:0
	:0
	:0
	:0
	:0
	:0
	:0
	:0
	:0
	:0
	:0
	:0
	:0
	:0
	:0
	:0
	:0
	:0
	:0
	:0
	:0
	:0
	:0
	:0
	:0
	:0
	:0
	:0
	:0
	:0
	:0
	:0
	:0
	:0
	:0
	:0
	:0
	:0
	:0
	:0
	:0
	:0
	:0
	:0
	:0
	:0
	:0
	:0
	:0
	:0
	:0
	:0
	:0
	:0
	:0
	:0
	:0
	:0
	:0
	:0
	:0
	:0
	:0
	:0
	:0
	:0
	:0
	:0
	:0
	:0
	:0
	:0
	:0
	:0
	:0
	:0
	:0
	:0
	:0
	:0
	:0
	:0
	:0
	:0
	:0
	:0
	:0
	:0
	:0
	:0
	:0
	:0
	:0
	:0
	:0
	:0
	:0
	:0
	:0
	:0
	:0
	:0
	:0
	:0
	:0
	:0
	:0
	:0
	:0
	:0
	:0
	:0
	:0
	:0
	:0
	:0
	:0
	:0
	:0
	:0
	:0
	:0
	:0
	:0
	:0
	:0
	:0
	:0
	:0
	:0
	:0
	:0
	:0
	:0
	:0
	:0
	:0
	:0
	:0
	:0
	:0
	:0
	:0
	:0
	:0
	:0
	:0
	:0
	:0
	:0
	:0
	:0
	:0
	:0
	:0
	:0
	:0
	:0
	:0
	:0
	:0
	:0
	:0
	:0
	:0
	:0
	:0
	:0
	:0
	:0
	:0
	:0
	:0
	:0
	:0
	:0
	:0
	:0
	:0
	:0
	:0
	:0
	:0
	:0
	:0
	:0
	:0
	:0
	:0
	:0
	:0
	:0
	:0
	:0
	:0
	:0
	:0
	:0
	:0
	:0
	:0
	:0
	:0
	:0
	:0
	:0
	:0
	:0
	:0
	:0
	:0
	:0
	:0
	:0
	:0
	:0
	:0
	:0
	:0
	:0
	:0
	:0
	:0
	:0
	:0
	:0
	:0
	:0
	:0
	:0
	:0
	:0
	:0
	:0
	:0
	:0
	:0
	:0
	:0
	:0
	:0
	:0
	:0
	:0
	:0
	:0
	:0
	:0
	:0
	:0
	:0
	:0
	:0
	:0
	:0
	:0
	:0
	:0
	:0
	:0
	:0
	:0
	:0
	:0
	:0
	:0
	:0
	:0
	:0
	:0
	:0
	:0
	:0
	:0
	:0
	:0
	:0
	:0
	:0
	:0
	:0
	:0
	:0
	:0
	:0
	:0
	:0
	:0
	:0
	:0
	:0
	:0
	:0
	:0
	:0
	:0
	:0
	:0
	:0
	:0
	:0
	:0
	:0
	:0
	:0
	:0
	:0
	:0
	:0
	:0
	:0
	:0
	:0
	:0
	:0
	:0
	:0
	:0
	:0
	:0
	:0
	:0
	:0
	:0
	:0
	:0
	:0
	:0
	:0
	:0
	:0
	:0
	:0
	:0
	:0
	:0
	:0
